timestamp,time_left,event,event_type,buy_pick,buy_price,buy_size,buy_best_bid,buy_best_ask
2026-01-15 08:57:14,165,"Bitcoin Up or Down - January 14, 7:45PM-8:00PM ET",price_change,DOWN,0.86,2222.51,0.88,0.89
2026-01-15 08:57:14,165,"Bitcoin Up or Down - January 14, 7:45PM-8:00PM ET",price_change,UP,0.1,536.05,0.11,0.12
2026-01-15 08:57:15,165,"Bitcoin Up or Down - January 14, 7:45PM-8:00PM ET",price_change,DOWN,0.86,2222.51,0.88,0.89
2026-01-15 08:57:15,165,"Bitcoin Up or Down - January 14, 7:45PM-8:00PM ET",price_change,UP,0.11,1015.61,0.11,0.12
2026-01-15 08:57:16,164,"Bitcoin Up or Down - January 14, 7:45PM-8:00PM ET",price_change,DOWN,0.73,2779.22,0.88,0.89
2026-01-15 08:57:16,164,"Bitcoin Up or Down - January 14, 7:45PM-8:00PM ET",price_change,UP,0.11,876.97,0.11,0.12
2026-01-15 08:57:17,163,"Bitcoin Up or Down - January 14, 7:45PM-8:00PM ET",price_change,DOWN,0.86,2295.79,0.88,0.89
2026-01-15 08:57:17,163,"Bitcoin Up or Down - January 14, 7:45PM-8:00PM ET",price_change,UP,0.11,948.72,0.11,0.12
2026-01-15 08:57:18,162,"Bitcoin Up or Down - January 14, 7:45PM-8:00PM ET",price_change,DOWN,0.82,1240.24,0.86,0.87
2026-01-15 08:57:18,162,"Bitcoin Up or Down - January 14, 7:45PM-8:00PM ET",price_change,UP,0.13,111.92,0.13,0.14
2026-01-15 08:57:19,161,"Bitcoin Up or Down - January 14, 7:45PM-8:00PM ET",price_change,UP,0.1,1803.36,0.14,0.15
2026-01-15 08:57:19,161,"Bitcoin Up or Down - January 14, 7:45PM-8:00PM ET",price_change,DOWN,0.85,1150.81,0.85,0.86
2026-01-15 08:57:23,157,"Bitcoin Up or Down - January 14, 8:00PM-8:15PM ET",price_change,DOWN,0.38,2038,0.45,0.46
2026-01-15 08:57:24,156,"Bitcoin Up or Down - January 14, 8:00PM-8:15PM ET",price_change,DOWN,0.38,2032,0.45,0.46
2026-01-15 08:57:24,156,"Bitcoin Up or Down - January 14, 8:00PM-8:15PM ET",price_change,UP,0.52,5836.5,0.54,0.55
2026-01-15 08:57:25,155,"Bitcoin Up or Down - January 14, 8:00PM-8:15PM ET",price_change,DOWN,0.38,2038,0.45,0.46
2026-01-15 08:57:26,154,"Bitcoin Up or Down - January 14, 8:00PM-8:15PM ET",price_change,DOWN,0.38,2038,0.45,0.46
2026-01-15 08:57:27,153,"Bitcoin Up or Down - January 14, 8:00PM-8:15PM ET",price_change,DOWN,0.38,2032,0.45,0.46
2026-01-15 08:57:27,152,"Bitcoin Up or Down - January 14, 8:00PM-8:15PM ET",price_change,UP,0.1,2075.2,0.54,0.55
2026-01-15 08:57:28,152,"Bitcoin Up or Down - January 14, 8:00PM-8:15PM ET",price_change,DOWN,0.38,2032,0.45,0.46
2026-01-15 08:57:29,151,"Bitcoin Up or Down - January 14, 8:00PM-8:15PM ET",price_change,DOWN,0.38,2032,0.45,0.46
2026-01-15 08:57:30,150,"Bitcoin Up or Down - January 14, 8:00PM-8:15PM ET",price_change,DOWN,0.38,2038,0.45,0.46
2026-01-15 08:57:31,149,"Bitcoin Up or Down - January 14, 8:00PM-8:15PM ET",price_change,DOWN,0.38,2038,0.45,0.46
2026-01-15 08:57:32,148,"Bitcoin Up or Down - January 14, 8:00PM-8:15PM ET",price_change,DOWN,0.38,2038,0.45,0.46
2026-01-15 08:57:33,147,"Bitcoin Up or Down - January 14, 8:00PM-8:15PM ET",price_change,DOWN,0.38,2032,0.45,0.46
2026-01-15 08:57:33,147,"Bitcoin Up or Down - January 14, 8:00PM-8:15PM ET",price_change,UP,0.1,2075.2,0.54,0.55
2026-01-15 08:57:34,146,"Bitcoin Up or Down - January 14, 8:00PM-8:15PM ET",price_change,DOWN,0.38,2038,0.45,0.46
2026-01-15 08:57:35,145,"Bitcoin Up or Down - January 14, 8:00PM-8:15PM ET",price_change,DOWN,0.38,2038,0.45,0.46
2026-01-15 08:57:35,144,"Bitcoin Up or Down - January 14, 8:00PM-8:15PM ET",price_change,UP,0.52,5886.5,0.54,0.55
2026-01-15 08:57:36,144,"Bitcoin Up or Down - January 14, 8:00PM-8:15PM ET",price_change,DOWN,0.38,2038,0.45,0.46
2026-01-15 08:57:37,143,"Bitcoin Up or Down - January 14, 8:00PM-8:15PM ET",price_change,DOWN,0.38,2038,0.45,0.46
2026-01-15 08:57:38,142,"Bitcoin Up or Down - January 14, 8:00PM-8:15PM ET",price_change,DOWN,0.38,2032,0.45,0.46
2026-01-15 08:57:39,141,"Bitcoin Up or Down - January 14, 8:00PM-8:15PM ET",price_change,UP,0.1,2075.2,0.54,0.55
2026-01-15 08:57:39,141,"Bitcoin Up or Down - January 14, 8:00PM-8:15PM ET",price_change,DOWN,0.38,2032,0.45,0.46
2026-01-15 08:57:40,140,"Bitcoin Up or Down - January 14, 8:00PM-8:15PM ET",price_change,DOWN,0.38,2038,0.45,0.46
2026-01-15 08:57:41,139,"Bitcoin Up or Down - January 14, 8:00PM-8:15PM ET",price_change,DOWN,0.38,2032,0.45,0.46
2026-01-15 08:57:42,138,"Bitcoin Up or Down - January 14, 8:00PM-8:15PM ET",price_change,DOWN,0.38,2032,0.45,0.46
2026-01-15 08:57:43,137,"Bitcoin Up or Down - January 14, 8:00PM-8:15PM ET",price_change,DOWN,0.38,2032,0.45,0.46
2026-01-15 08:57:43,137,"Bitcoin Up or Down - January 14, 8:00PM-8:15PM ET",price_change,UP,0.52,5841.5,0.54,0.55
2026-01-15 08:57:44,136,"Bitcoin Up or Down - January 14, 8:00PM-8:15PM ET",price_change,UP,0.52,1063.5,0.54,0.55
2026-01-15 08:57:44,136,"Bitcoin Up or Down - January 14, 8:00PM-8:15PM ET",price_change,DOWN,0.41,3298.82,0.45,0.46
2026-01-15 08:57:45,135,"Bitcoin Up or Down - January 14, 8:00PM-8:15PM ET",price_change,DOWN,0.38,2038,0.45,0.46
2026-01-15 08:57:45,135,"Bitcoin Up or Down - January 14, 8:00PM-8:15PM ET",price_change,UP,0.1,2065.2,0.54,0.55
2026-01-15 08:57:46,134,"Bitcoin Up or Down - January 14, 8:00PM-8:15PM ET",price_change,DOWN,0.38,2038,0.45,0.46
2026-01-15 08:57:47,133,"Bitcoin Up or Down - January 14, 8:00PM-8:15PM ET",price_change,DOWN,0.38,2032,0.45,0.46
2026-01-15 08:57:48,132,"Bitcoin Up or Down - January 14, 8:00PM-8:15PM ET",price_change,DOWN,0.38,2038,0.45,0.46
2026-01-15 08:57:49,131,"Bitcoin Up or Down - January 14, 8:00PM-8:15PM ET",price_change,DOWN,0.38,1538,0.45,0.46
2026-01-15 08:57:50,130,"Bitcoin Up or Down - January 14, 8:00PM-8:15PM ET",price_change,DOWN,0.38,1538,0.45,0.46
2026-01-15 08:57:50,129,"Bitcoin Up or Down - January 14, 8:00PM-8:15PM ET",price_change,UP,0.1,2075.2,0.54,0.55
2026-01-15 08:57:51,128,"Bitcoin Up or Down - January 14, 8:00PM-8:15PM ET",price_change,DOWN,0.38,1538,0.45,0.46
2026-01-15 08:57:52,128,"Bitcoin Up or Down - January 14, 8:00PM-8:15PM ET",price_change,DOWN,0.38,1538,0.45,0.46
2026-01-15 08:57:53,127,"Bitcoin Up or Down - January 14, 8:00PM-8:15PM ET",price_change,DOWN,0.38,1532,0.45,0.46
2026-01-15 08:57:54,126,"Bitcoin Up or Down - January 14, 8:00PM-8:15PM ET",price_change,UP,0.5,1472.33,0.54,0.55
2026-01-15 08:57:54,126,"Bitcoin Up or Down - January 14, 8:00PM-8:15PM ET",price_change,DOWN,0.38,1538,0.45,0.46
2026-01-15 08:57:55,125,"Bitcoin Up or Down - January 14, 8:00PM-8:15PM ET",price_change,DOWN,0.38,1538,0.45,0.46
2026-01-15 08:57:55,125,"Bitcoin Up or Down - January 14, 8:00PM-8:15PM ET",price_change,UP,0.45,3470,0.54,0.55
2026-01-15 08:57:56,124,"Bitcoin Up or Down - January 14, 8:00PM-8:15PM ET",price_change,DOWN,0.37,840,0.45,0.46
2026-01-15 08:57:56,124,"Bitcoin Up or Down - January 14, 8:00PM-8:15PM ET",price_change,UP,0.49,962.1,0.54,0.55
2026-01-15 08:57:57,123,"Bitcoin Up or Down - January 14, 8:00PM-8:15PM ET",price_change,DOWN,0.38,1548,0.45,0.46
2026-01-15 08:57:58,122,"Bitcoin Up or Down - January 14, 8:00PM-8:15PM ET",price_change,DOWN,0.38,1542,0.45,0.46
2026-01-15 08:57:58,121,"Bitcoin Up or Down - January 14, 8:00PM-8:15PM ET",price_change,UP,0.51,7869.64,0.54,0.55
2026-01-15 08:57:59,121,"Bitcoin Up or Down - January 14, 8:00PM-8:15PM ET",price_change,DOWN,0.38,1542,0.45,0.46
2026-01-15 08:58:00,120,"Bitcoin Up or Down - January 14, 8:00PM-8:15PM ET",price_change,DOWN,0.38,1548,0.45,0.46
2026-01-15 08:58:00,119,"Bitcoin Up or Down - January 14, 8:00PM-8:15PM ET",price_change,UP,0.45,3670,0.54,0.55
2026-01-15 08:58:01,119,"Bitcoin Up or Down - January 14, 8:00PM-8:15PM ET",price_change,DOWN,0.38,1548,0.45,0.46
2026-01-15 08:58:01,119,"Bitcoin Up or Down - January 14, 8:00PM-8:15PM ET",price_change,UP,0.51,3091.64,0.54,0.55
2026-01-15 08:58:02,118,"Bitcoin Up or Down - January 14, 8:00PM-8:15PM ET",price_change,DOWN,0.38,1548,0.45,0.46
2026-01-15 08:58:02,118,"Bitcoin Up or Down - January 14, 8:00PM-8:15PM ET",price_change,UP,0.1,2075.2,0.54,0.55
2026-01-15 08:58:03,117,"Bitcoin Up or Down - January 14, 8:00PM-8:15PM ET",price_change,DOWN,0.38,1548,0.45,0.46
2026-01-15 08:58:04,116,"Bitcoin Up or Down - January 14, 8:00PM-8:15PM ET",price_change,DOWN,0.45,2319.88,0.45,0.46
2026-01-15 08:58:05,115,"Bitcoin Up or Down - January 14, 8:00PM-8:15PM ET",price_change,DOWN,0.38,1548,0.45,0.46
2026-01-15 08:58:06,114,"Bitcoin Up or Down - January 14, 8:00PM-8:15PM ET",price_change,DOWN,0.38,1542,0.45,0.46
2026-01-15 08:58:07,113,"Bitcoin Up or Down - January 14, 8:00PM-8:15PM ET",price_change,DOWN,0.38,1548,0.45,0.46
2026-01-15 08:58:07,112,"Bitcoin Up or Down - January 14, 8:00PM-8:15PM ET",price_change,UP,0.1,2075.2,0.54,0.55
2026-01-15 08:58:08,112,"Bitcoin Up or Down - January 14, 8:00PM-8:15PM ET",price_change,DOWN,0.38,1542,0.45,0.46
2026-01-15 08:58:08,112,"Bitcoin Up or Down - January 14, 8:00PM-8:15PM ET",price_change,UP,0.1,2065.2,0.54,0.55
2026-01-15 08:58:09,111,"Bitcoin Up or Down - January 14, 8:00PM-8:15PM ET",price_change,DOWN,0.38,1542,0.45,0.46
2026-01-15 08:58:10,110,"Bitcoin Up or Down - January 14, 8:00PM-8:15PM ET",price_change,DOWN,0.38,1548,0.45,0.46
2026-01-15 08:58:10,110,"Bitcoin Up or Down - January 14, 8:00PM-8:15PM ET",price_change,UP,0.46,1484,0.54,0.55
2026-01-15 08:58:11,109,"Bitcoin Up or Down - January 14, 8:00PM-8:15PM ET",price_change,DOWN,0.38,1548,0.45,0.46
2026-01-15 08:58:12,108,"Bitcoin Up or Down - January 14, 8:00PM-8:15PM ET",price_change,DOWN,0.45,2339.88,0.45,0.46
2026-01-15 08:58:13,107,"Bitcoin Up or Down - January 14, 8:00PM-8:15PM ET",price_change,DOWN,0.38,1548,0.45,0.46
2026-01-15 08:58:13,107,"Bitcoin Up or Down - January 14, 8:00PM-8:15PM ET",price_change,UP,0.53,1533.94,0.54,0.55
2026-01-15 08:58:14,106,"Bitcoin Up or Down - January 14, 8:00PM-8:15PM ET",price_change,DOWN,0.38,1548,0.45,0.46
2026-01-15 08:58:14,105,"Bitcoin Up or Down - January 14, 8:00PM-8:15PM ET",price_change,UP,0.52,1083.5,0.54,0.55
2026-01-15 08:58:15,105,"Bitcoin Up or Down - January 14, 8:00PM-8:15PM ET",price_change,DOWN,0.38,1542,0.45,0.46
2026-01-15 08:58:15,105,"Bitcoin Up or Down - January 14, 8:00PM-8:15PM ET",price_change,UP,0.54,290.73,0.54,0.55
2026-01-15 08:58:16,104,"Bitcoin Up or Down - January 14, 8:00PM-8:15PM ET",price_change,DOWN,0.38,1542,0.45,0.46
2026-01-15 08:58:16,104,"Bitcoin Up or Down - January 14, 8:00PM-8:15PM ET",price_change,UP,0.51,8104.93,0.54,0.55
2026-01-15 08:58:17,103,"Bitcoin Up or Down - January 14, 8:00PM-8:15PM ET",price_change,DOWN,0.38,1548,0.45,0.46
2026-01-15 08:58:17,103,"Bitcoin Up or Down - January 14, 8:00PM-8:15PM ET",price_change,UP,0.48,714.41,0.54,0.55
2026-01-15 08:58:18,102,"Bitcoin Up or Down - January 14, 8:00PM-8:15PM ET",price_change,DOWN,0.38,1542,0.45,0.46
2026-01-15 08:58:18,102,"Bitcoin Up or Down - January 14, 8:00PM-8:15PM ET",price_change,UP,0.54,90.73,0.54,0.55
2026-01-15 08:58:19,101,"Bitcoin Up or Down - January 14, 8:00PM-8:15PM ET",price_change,DOWN,0.38,1542,0.45,0.46
2026-01-15 08:58:19,100,"Bitcoin Up or Down - January 14, 8:00PM-8:15PM ET",price_change,UP,0.1,2075.2,0.54,0.55
2026-01-15 08:58:20,100,"Bitcoin Up or Down - January 14, 8:00PM-8:15PM ET",price_change,DOWN,0.38,1548,0.45,0.46
2026-01-15 08:58:21,99,"Bitcoin Up or Down - January 14, 8:00PM-8:15PM ET",price_change,DOWN,0.38,1548,0.45,0.46
2026-01-15 08:58:22,98,"Bitcoin Up or Down - January 14, 8:00PM-8:15PM ET",price_change,DOWN,0.38,1542,0.45,0.46
2026-01-15 08:58:23,97,"Bitcoin Up or Down - January 14, 8:00PM-8:15PM ET",price_change,DOWN,0.38,1548,0.45,0.46
2026-01-15 08:58:24,96,"Bitcoin Up or Down - January 14, 8:00PM-8:15PM ET",price_change,DOWN,0.38,1542,0.45,0.46
2026-01-15 08:58:25,95,"Bitcoin Up or Down - January 14, 8:00PM-8:15PM ET",price_change,DOWN,0.38,1548,0.45,0.46
2026-01-15 08:58:25,95,"Bitcoin Up or Down - January 14, 8:00PM-8:15PM ET",price_change,UP,0.1,2075.2,0.54,0.55
2026-01-15 08:58:26,94,"Bitcoin Up or Down - January 14, 8:00PM-8:15PM ET",price_change,DOWN,0.38,1542,0.45,0.46
2026-01-15 08:58:27,93,"Bitcoin Up or Down - January 14, 8:00PM-8:15PM ET",price_change,DOWN,0.38,1542,0.45,0.46
2026-01-15 08:58:28,92,"Bitcoin Up or Down - January 14, 8:00PM-8:15PM ET",price_change,DOWN,0.38,1542,0.45,0.46
2026-01-15 08:58:28,92,"Bitcoin Up or Down - January 14, 8:00PM-8:15PM ET",price_change,UP,0.5,3292.79,0.54,0.55
2026-01-15 08:58:29,91,"Bitcoin Up or Down - January 14, 8:00PM-8:15PM ET",price_change,DOWN,0.38,1548,0.45,0.46
2026-01-15 08:58:29,90,"Bitcoin Up or Down - January 14, 8:00PM-8:15PM ET",price_change,UP,0.52,1133.5,0.54,0.55
2026-01-15 08:58:30,90,"Bitcoin Up or Down - January 14, 8:00PM-8:15PM ET",price_change,DOWN,0.38,1548,0.45,0.46
2026-01-15 08:58:30,90,"Bitcoin Up or Down - January 14, 8:00PM-8:15PM ET",price_change,UP,0.54,81.01,0.54,0.55
2026-01-15 08:58:31,89,"Bitcoin Up or Down - January 14, 8:00PM-8:15PM ET",price_change,DOWN,0.38,1542,0.45,0.46
2026-01-15 08:58:31,89,"Bitcoin Up or Down - January 14, 8:00PM-8:15PM ET",price_change,UP,0.51,8204.93,0.54,0.55
2026-01-15 08:58:32,88,"Bitcoin Up or Down - January 14, 8:00PM-8:15PM ET",price_change,UP,0.52,1083.5,0.54,0.55
2026-01-15 08:58:32,88,"Bitcoin Up or Down - January 14, 8:00PM-8:15PM ET",price_change,DOWN,0.38,1542,0.45,0.46
2026-01-15 08:58:33,87,"Bitcoin Up or Down - January 14, 8:00PM-8:15PM ET",price_change,DOWN,0.38,1548,0.45,0.46
2026-01-15 08:58:33,87,"Bitcoin Up or Down - January 14, 8:00PM-8:15PM ET",price_change,UP,0.48,704,0.54,0.55
2026-01-15 08:58:34,86,"Bitcoin Up or Down - January 14, 8:00PM-8:15PM ET",price_change,DOWN,0.45,2339.88,0.45,0.46
2026-01-15 08:58:34,85,"Bitcoin Up or Down - January 14, 8:00PM-8:15PM ET",price_change,UP,0.44,2288,0.54,0.55
2026-01-15 08:58:35,85,"Bitcoin Up or Down - January 14, 8:00PM-8:15PM ET",price_change,DOWN,0.38,1542,0.45,0.46
2026-01-15 08:58:36,84,"Bitcoin Up or Down - January 14, 8:00PM-8:15PM ET",price_change,DOWN,0.38,1542,0.45,0.46
2026-01-15 08:58:36,83,"Bitcoin Up or Down - January 14, 8:00PM-8:15PM ET",price_change,UP,0.5,2993.79,0.54,0.55
2026-01-15 08:58:37,83,"Bitcoin Up or Down - January 14, 8:00PM-8:15PM ET",price_change,UP,0.1,2075.2,0.54,0.55
2026-01-15 08:58:37,83,"Bitcoin Up or Down - January 14, 8:00PM-8:15PM ET",price_change,DOWN,0.38,1542,0.45,0.46
2026-01-15 08:58:38,82,"Bitcoin Up or Down - January 14, 8:00PM-8:15PM ET",price_change,DOWN,0.38,1542,0.45,0.46
2026-01-15 08:58:39,81,"Bitcoin Up or Down - January 14, 8:00PM-8:15PM ET",price_change,DOWN,0.38,1548,0.45,0.46
2026-01-15 08:58:39,80,"Bitcoin Up or Down - January 14, 8:00PM-8:15PM ET",price_change,UP,0.51,3436.93,0.54,0.55
2026-01-15 08:58:40,80,"Bitcoin Up or Down - January 14, 8:00PM-8:15PM ET",price_change,DOWN,0.38,1548,0.45,0.46
2026-01-15 08:58:41,79,"Bitcoin Up or Down - January 14, 8:00PM-8:15PM ET",price_change,UP,0.48,694,0.54,0.55
2026-01-15 08:58:41,79,"Bitcoin Up or Down - January 14, 8:00PM-8:15PM ET",price_change,DOWN,0.38,1542,0.45,0.46
2026-01-15 08:58:42,78,"Bitcoin Up or Down - January 14, 8:00PM-8:15PM ET",price_change,DOWN,0.38,1548,0.45,0.46
2026-01-15 08:58:42,77,"Bitcoin Up or Down - January 14, 8:00PM-8:15PM ET",price_change,UP,0.1,2075.2,0.54,0.55
2026-01-15 08:58:43,77,"Bitcoin Up or Down - January 14, 8:00PM-8:15PM ET",price_change,DOWN,0.45,2541.88,0.45,0.46
2026-01-15 08:58:43,77,"Bitcoin Up or Down - January 14, 8:00PM-8:15PM ET",price_change,UP,0.1,2065.2,0.54,0.55
2026-01-15 08:58:44,76,"Bitcoin Up or Down - January 14, 8:00PM-8:15PM ET",price_change,DOWN,0.38,1548,0.45,0.46
2026-01-15 08:58:45,75,"Bitcoin Up or Down - January 14, 8:00PM-8:15PM ET",price_change,DOWN,0.38,1542,0.45,0.46
2026-01-15 08:58:46,74,"Bitcoin Up or Down - January 14, 8:00PM-8:15PM ET",price_change,DOWN,0.38,1542,0.45,0.46
2026-01-15 08:58:47,73,"Bitcoin Up or Down - January 14, 8:00PM-8:15PM ET",price_change,DOWN,0.38,1548,0.45,0.46
2026-01-15 08:58:48,72,"Bitcoin Up or Down - January 14, 8:00PM-8:15PM ET",price_change,DOWN,0.38,1542,0.45,0.46
2026-01-15 08:58:48,71,"Bitcoin Up or Down - January 14, 8:00PM-8:15PM ET",price_change,UP,0.1,2075.2,0.54,0.55
2026-01-15 08:58:49,71,"Bitcoin Up or Down - January 14, 8:00PM-8:15PM ET",price_change,UP,0.5,2993.79,0.54,0.55
2026-01-15 08:58:49,71,"Bitcoin Up or Down - January 14, 8:00PM-8:15PM ET",price_change,DOWN,0.45,2339.88,0.45,0.46
2026-01-15 08:58:50,70,"Bitcoin Up or Down - January 14, 8:00PM-8:15PM ET",price_change,DOWN,0.38,1548,0.46,0.47
2026-01-15 08:58:50,69,"Bitcoin Up or Down - January 14, 8:00PM-8:15PM ET",price_change,UP,0.51,2517.93,0.53,0.54
2026-01-15 08:58:51,69,"Bitcoin Up or Down - January 14, 8:00PM-8:15PM ET",price_change,DOWN,0.39,1808.8,0.46,0.47
2026-01-15 08:58:52,68,"Bitcoin Up or Down - January 14, 8:00PM-8:15PM ET",price_change,UP,0.5,3053.79,0.53,0.54
2026-01-15 08:58:52,68,"Bitcoin Up or Down - January 14, 8:00PM-8:15PM ET",price_change,DOWN,0.39,1814.8,0.46,0.47
2026-01-15 08:58:53,67,"Bitcoin Up or Down - January 14, 8:00PM-8:15PM ET",price_change,DOWN,0.39,1814.8,0.46,0.47
2026-01-15 08:58:53,67,"Bitcoin Up or Down - January 14, 8:00PM-8:15PM ET",price_change,UP,0.49,1463.1,0.53,0.54
2026-01-15 08:58:54,66,"Bitcoin Up or Down - January 14, 8:00PM-8:15PM ET",price_change,DOWN,0.39,1814.8,0.46,0.47
2026-01-15 08:58:54,66,"Bitcoin Up or Down - January 14, 8:00PM-8:15PM ET",price_change,UP,0.1,2075.2,0.53,0.54
2026-01-15 08:58:55,65,"Bitcoin Up or Down - January 14, 8:00PM-8:15PM ET",price_change,UP,0.47,1871,0.53,0.54
2026-01-15 08:58:55,65,"Bitcoin Up or Down - January 14, 8:00PM-8:15PM ET",price_change,DOWN,0.39,1808.8,0.46,0.47
2026-01-15 08:58:56,64,"Bitcoin Up or Down - January 14, 8:00PM-8:15PM ET",price_change,DOWN,0.39,1808.8,0.46,0.47
2026-01-15 08:58:57,63,"Bitcoin Up or Down - January 14, 8:00PM-8:15PM ET",price_change,DOWN,0.39,1814.8,0.46,0.47
2026-01-15 08:58:58,62,"Bitcoin Up or Down - January 14, 8:00PM-8:15PM ET",price_change,DOWN,0.39,1814.8,0.46,0.47
2026-01-15 08:58:59,61,"Bitcoin Up or Down - January 14, 8:00PM-8:15PM ET",price_change,DOWN,0.39,1814.8,0.46,0.47
2026-01-15 08:59:00,60,"Bitcoin Up or Down - January 14, 8:00PM-8:15PM ET",price_change,UP,0.43,2140,0.53,0.54
2026-01-15 08:59:00,60,"Bitcoin Up or Down - January 14, 8:00PM-8:15PM ET",price_change,DOWN,0.39,1801.8,0.46,0.47
2026-01-15 08:59:01,59,"Bitcoin Up or Down - January 14, 8:00PM-8:15PM ET",price_change,UP,0.47,1866,0.53,0.54
2026-01-15 08:59:01,59,"Bitcoin Up or Down - January 14, 8:00PM-8:15PM ET",price_change,DOWN,0.37,379,0.46,0.47
2026-01-15 08:59:02,58,"Bitcoin Up or Down - January 14, 8:00PM-8:15PM ET",price_change,DOWN,0.44,1855,0.46,0.47
2026-01-15 08:59:02,58,"Bitcoin Up or Down - January 14, 8:00PM-8:15PM ET",price_change,UP,0.49,1958.1,0.53,0.54
2026-01-15 08:59:03,57,"Bitcoin Up or Down - January 14, 8:00PM-8:15PM ET",price_change,DOWN,0.39,1059.8,0.46,0.47
2026-01-15 08:59:04,56,"Bitcoin Up or Down - January 14, 8:00PM-8:15PM ET",price_change,DOWN,0.39,1059.8,0.46,0.47
2026-01-15 08:59:04,55,"Bitcoin Up or Down - January 14, 8:00PM-8:15PM ET",price_change,UP,0.53,525.94,0.53,0.54
2026-01-15 08:59:05,55,"Bitcoin Up or Down - January 14, 8:00PM-8:15PM ET",price_change,DOWN,0.39,1065.8,0.46,0.47
2026-01-15 08:59:05,54,"Bitcoin Up or Down - January 14, 8:00PM-8:15PM ET",price_change,UP,0.1,68.2,0.53,0.54
2026-01-15 08:59:06,54,"Bitcoin Up or Down - January 14, 8:00PM-8:15PM ET",price_change,DOWN,0.39,1065.8,0.46,0.47
2026-01-15 08:59:06,54,"Bitcoin Up or Down - January 14, 8:00PM-8:15PM ET",price_change,UP,0.1,58.2,0.53,0.54
2026-01-15 08:59:07,52,"Bitcoin Up or Down - January 14, 8:00PM-8:15PM ET",price_change,DOWN,0.39,1065.8,0.46,0.47
2026-01-15 08:59:08,52,"Bitcoin Up or Down - January 14, 8:00PM-8:15PM ET",price_change,DOWN,0.39,1065.8,0.46,0.47
2026-01-15 08:59:09,51,"Bitcoin Up or Down - January 14, 8:00PM-8:15PM ET",price_change,DOWN,0.39,1065.8,0.46,0.47
2026-01-15 08:59:10,50,"Bitcoin Up or Down - January 14, 8:00PM-8:15PM ET",price_change,DOWN,0.39,1065.8,0.46,0.47
2026-01-15 08:59:11,49,"Bitcoin Up or Down - January 14, 8:00PM-8:15PM ET",price_change,DOWN,0.39,1059.8,0.46,0.47
2026-01-15 08:59:11,48,"Bitcoin Up or Down - January 14, 8:00PM-8:15PM ET",price_change,UP,0.1,68.2,0.53,0.54
2026-01-15 08:59:12,48,"Bitcoin Up or Down - January 14, 8:00PM-8:15PM ET",price_change,DOWN,0.39,1065.8,0.46,0.49
2026-01-15 08:59:12,48,"Bitcoin Up or Down - January 14, 8:00PM-8:15PM ET",price_change,UP,0.49,1968.1,0.51,0.54
2026-01-15 08:59:13,47,"Bitcoin Up or Down - January 14, 8:00PM-8:15PM ET",price_change,UP,0.44,1169,0.51,0.53
2026-01-15 08:59:13,47,"Bitcoin Up or Down - January 14, 8:00PM-8:15PM ET",price_change,DOWN,0.46,309,0.47,0.49
2026-01-15 08:59:14,46,"Bitcoin Up or Down - January 14, 8:00PM-8:15PM ET",price_change,UP,0.45,3313,0.51,0.53
2026-01-15 08:59:15,45,"Bitcoin Up or Down - January 14, 8:00PM-8:15PM ET",price_change,UP,0.51,2713.45,0.51,0.53
2026-01-15 08:59:15,45,"Bitcoin Up or Down - January 14, 8:00PM-8:15PM ET",price_change,DOWN,0.41,2219.82,0.47,0.49
2026-01-15 08:59:16,44,"Bitcoin Up or Down - January 14, 8:00PM-8:15PM ET",price_change,DOWN,0.45,3771,0.47,0.49
2026-01-15 08:59:16,44,"Bitcoin Up or Down - January 14, 8:00PM-8:15PM ET",price_change,UP,0.49,1958.1,0.51,0.53
2026-01-15 08:59:17,43,"Bitcoin Up or Down - January 14, 8:00PM-8:15PM ET",price_change,UP,0.45,3819,0.52,0.53
2026-01-15 08:59:17,43,"Bitcoin Up or Down - January 14, 8:00PM-8:15PM ET",price_change,DOWN,0.44,2045,0.47,0.49
2026-01-15 08:59:18,42,"Bitcoin Up or Down - January 14, 8:00PM-8:15PM ET",price_change,UP,0.45,3813,0.51,0.53
2026-01-15 08:59:18,42,"Bitcoin Up or Down - January 14, 8:00PM-8:15PM ET",price_change,DOWN,0.47,519.18,0.47,0.49
2026-01-15 08:59:19,41,"Bitcoin Up or Down - January 14, 8:00PM-8:15PM ET",price_change,UP,0.45,3813,0.51,0.53
2026-01-15 08:59:19,41,"Bitcoin Up or Down - January 14, 8:00PM-8:15PM ET",price_change,DOWN,0.43,2440.4,0.47,0.49
2026-01-15 08:59:20,40,"Bitcoin Up or Down - January 14, 8:00PM-8:15PM ET",price_change,DOWN,0.44,7017,0.47,0.49
2026-01-15 08:59:20,40,"Bitcoin Up or Down - January 14, 8:00PM-8:15PM ET",price_change,UP,0.44,1141,0.51,0.53
2026-01-15 08:59:21,39,"Bitcoin Up or Down - January 14, 8:00PM-8:15PM ET",price_change,UP,0.52,10,0.52,0.53
2026-01-15 08:59:21,38,"Bitcoin Up or Down - January 14, 8:00PM-8:15PM ET",price_change,DOWN,0.43,2440.4,0.47,0.48
2026-01-15 08:59:22,38,"Bitcoin Up or Down - January 14, 8:00PM-8:15PM ET",price_change,UP,0.46,2183,0.52,0.53
2026-01-15 08:59:22,37,"Bitcoin Up or Down - January 14, 8:00PM-8:15PM ET",price_change,DOWN,0.47,529.18,0.47,0.48
2026-01-15 08:59:23,37,"Bitcoin Up or Down - January 14, 8:00PM-8:15PM ET",price_change,UP,0.46,2177,0.52,0.53
2026-01-15 08:59:23,37,"Bitcoin Up or Down - January 14, 8:00PM-8:15PM ET",price_change,DOWN,0.47,1050.18,0.47,0.48
2026-01-15 08:59:24,36,"Bitcoin Up or Down - January 14, 8:00PM-8:15PM ET",price_change,UP,0.52,62.91,0.52,0.53
2026-01-15 08:59:24,36,"Bitcoin Up or Down - January 14, 8:00PM-8:15PM ET",price_change,DOWN,0.44,2017,0.47,0.48
2026-01-15 08:59:25,35,"Bitcoin Up or Down - January 14, 8:00PM-8:15PM ET",price_change,UP,0.46,2177,0.52,0.53
2026-01-15 08:59:26,34,"Bitcoin Up or Down - January 14, 8:00PM-8:15PM ET",price_change,UP,0.46,2183,0.52,0.53
2026-01-15 08:59:26,33,"Bitcoin Up or Down - January 14, 8:00PM-8:15PM ET",price_change,DOWN,0.47,1058.29,0.47,0.48
2026-01-15 08:59:27,33,"Bitcoin Up or Down - January 14, 8:00PM-8:15PM ET",price_change,UP,0.46,2177,0.52,0.53
2026-01-15 08:59:28,32,"Bitcoin Up or Down - January 14, 8:00PM-8:15PM ET",price_change,UP,0.46,2177,0.52,0.53
2026-01-15 08:59:29,31,"Bitcoin Up or Down - January 14, 8:00PM-8:15PM ET",price_change,UP,0.46,2183,0.52,0.53
2026-01-15 08:59:30,30,"Bitcoin Up or Down - January 14, 8:00PM-8:15PM ET",price_change,UP,0.51,2551.22,0.52,0.53
2026-01-15 08:59:30,30,"Bitcoin Up or Down - January 14, 8:00PM-8:15PM ET",price_change,DOWN,0.45,8549,0.47,0.48
2026-01-15 08:59:31,29,"Bitcoin Up or Down - January 14, 8:00PM-8:15PM ET",price_change,DOWN,0.42,1479,0.47,0.48
2026-01-15 08:59:31,29,"Bitcoin Up or Down - January 14, 8:00PM-8:15PM ET",price_change,UP,0.44,1081,0.52,0.53
2026-01-15 08:59:32,28,"Bitcoin Up or Down - January 14, 8:00PM-8:15PM ET",price_change,DOWN,0.4,1422.5,0.47,0.48
2026-01-15 08:59:32,28,"Bitcoin Up or Down - January 14, 8:00PM-8:15PM ET",price_change,UP,0.46,2173,0.52,0.53
2026-01-15 08:59:33,27,"Bitcoin Up or Down - January 14, 8:00PM-8:15PM ET",price_change,UP,0.46,2173,0.52,0.53
2026-01-15 08:59:34,26,"Bitcoin Up or Down - January 14, 8:00PM-8:15PM ET",price_change,UP,0.49,962.1,0.52,0.53
2026-01-15 08:59:34,25,"Bitcoin Up or Down - January 14, 8:00PM-8:15PM ET",price_change,DOWN,0.47,3037.96,0.47,0.48
2026-01-15 08:59:35,25,"Bitcoin Up or Down - January 14, 8:00PM-8:15PM ET",price_change,DOWN,0.39,549.8,0.47,0.48
2026-01-15 08:59:35,25,"Bitcoin Up or Down - January 14, 8:00PM-8:15PM ET",price_change,UP,0.4,1149,0.52,0.53
2026-01-15 08:59:36,24,"Bitcoin Up or Down - January 14, 8:00PM-8:15PM ET",price_change,DOWN,0.01,6340.6,0.47,0.48
2026-01-15 08:59:36,24,"Bitcoin Up or Down - January 14, 8:00PM-8:15PM ET",price_change,UP,0.01,6357.05,0.52,0.53
2026-01-15 08:59:40,20,"Bitcoin Up or Down - January 14, 8:15PM-8:30PM ET",price_change,DOWN,0.4,1485.5,0.48,0.49
2026-01-15 08:59:45,15,"Bitcoin Up or Down - January 14, 8:15PM-8:30PM ET",price_change,DOWN,0.48,1718.51,0.48,0.49
2026-01-15 09:00:00,899,"Bitcoin Up or Down - January 14, 8:15PM-8:30PM ET",price_change,UP,0.24,10,0.51,0.52
2026-01-15 09:00:01,899,"Bitcoin Up or Down - January 14, 8:15PM-8:30PM ET",price_change,UP,0.47,586,0.51,0.52
2026-01-15 09:00:01,899,"Bitcoin Up or Down - January 14, 8:15PM-8:30PM ET",price_change,DOWN,0.48,1726.84,0.48,0.49
2026-01-15 09:00:03,897,"Bitcoin Up or Down - January 14, 8:15PM-8:30PM ET",price_change,UP,0.48,1155,0.51,0.52
2026-01-15 09:00:03,897,"Bitcoin Up or Down - January 14, 8:15PM-8:30PM ET",price_change,DOWN,0.48,1736.84,0.48,0.49
2026-01-15 09:00:05,895,"Bitcoin Up or Down - January 14, 8:15PM-8:30PM ET",price_change,UP,0.45,3692,0.51,0.52
2026-01-15 09:00:05,895,"Bitcoin Up or Down - January 14, 8:15PM-8:30PM ET",price_change,DOWN,0.45,3697,0.48,0.49
2026-01-15 09:00:06,893,"Bitcoin Up or Down - January 14, 8:15PM-8:30PM ET",price_change,DOWN,0.46,591,0.48,0.49
2026-01-15 09:00:08,891,"Bitcoin Up or Down - January 14, 8:15PM-8:30PM ET",price_change,UP,0.46,581,0.51,0.52
2026-01-15 09:00:11,889,"Bitcoin Up or Down - January 14, 8:15PM-8:30PM ET",price_change,UP,0.1,2048,0.51,0.52
2026-01-15 09:00:12,887,"Bitcoin Up or Down - January 14, 8:15PM-8:30PM ET",price_change,UP,0.37,654,0.51,0.52
2026-01-15 09:00:12,887,"Bitcoin Up or Down - January 14, 8:15PM-8:30PM ET",price_change,DOWN,0.41,2217.82,0.48,0.49
