timestamp,left (real time),event,event_type,buy_pick,buy_price,buy_size,buy_best_bid,buy_best_ask
2026-01-13 12:05:17,582,"Bitcoin Up or Down - January 12, 11:00PM-11:15PM ET",price_change,UP,0.58,2.47,0.58,0.59
2026-01-13 12:05:17,582,"Bitcoin Up or Down - January 12, 11:00PM-11:15PM ET",price_change,DOWN,0.41,37.18,0.41,0.42
2026-01-13 12:05:17,581,"Bitcoin Up or Down - January 12, 11:00PM-11:15PM ET",price_change,DOWN,0.37,1024.6,0.41,0.42
2026-01-13 12:05:18,581,"Bitcoin Up or Down - January 12, 11:00PM-11:15PM ET",price_change,DOWN,0.4,102.66,0.4,0.41
2026-01-13 12:05:18,581,"Bitcoin Up or Down - January 12, 11:00PM-11:15PM ET",price_change,DOWN,0.37,821.6,0.4,0.41
2026-01-13 12:05:19,580,"Bitcoin Up or Down - January 12, 11:00PM-11:15PM ET",price_change,DOWN,0.41,339.25,0.41,0.42
2026-01-13 12:05:19,580,"Bitcoin Up or Down - January 12, 11:00PM-11:15PM ET",price_change,DOWN,0.39,527,0.41,0.42
2026-01-13 12:05:19,580,"Bitcoin Up or Down - January 12, 11:00PM-11:15PM ET",price_change,UP,0.53,1162,0.58,0.59
2026-01-13 12:05:20,579,"Bitcoin Up or Down - January 12, 11:00PM-11:15PM ET",price_change,DOWN,0.39,658.92,0.41,0.42
2026-01-13 12:05:20,579,"Bitcoin Up or Down - January 12, 11:00PM-11:15PM ET",price_change,UP,0.57,281.36,0.57,0.59
2026-01-13 12:05:20,579,"Bitcoin Up or Down - January 12, 11:00PM-11:15PM ET",price_change,DOWN,0.41,228.44,0.42,0.43
2026-01-13 12:05:20,578,"Bitcoin Up or Down - January 12, 11:00PM-11:15PM ET",price_change,DOWN,0.19,28.4,0.42,0.43
2026-01-13 12:05:21,578,"Bitcoin Up or Down - January 12, 11:00PM-11:15PM ET",price_change,DOWN,0.39,645.43,0.41,0.42
2026-01-13 12:05:21,578,"Bitcoin Up or Down - January 12, 11:00PM-11:15PM ET",price_change,UP,0.46,769.2,0.58,0.59
2026-01-13 12:05:21,577,"Bitcoin Up or Down - January 12, 11:00PM-11:15PM ET",price_change,DOWN,0.41,687.09,0.41,0.42
2026-01-13 12:05:22,577,"Bitcoin Up or Down - January 12, 11:00PM-11:15PM ET",price_change,UP,0.55,1516.92,0.58,0.59
2026-01-13 12:05:22,577,"Bitcoin Up or Down - January 12, 11:00PM-11:15PM ET",price_change,UP,0.58,1578.22,0.58,0.59
2026-01-13 12:05:23,576,"Bitcoin Up or Down - January 12, 11:00PM-11:15PM ET",price_change,DOWN,0.37,1058.52,0.41,0.42
2026-01-13 12:05:23,576,"Bitcoin Up or Down - January 12, 11:00PM-11:15PM ET",price_change,UP,0.56,654.96,0.58,0.59
2026-01-13 12:05:23,576,"Bitcoin Up or Down - January 12, 11:00PM-11:15PM ET",price_change,UP,0.54,857.92,0.58,0.59
2026-01-13 12:05:24,575,"Bitcoin Up or Down - January 12, 11:00PM-11:15PM ET",price_change,UP,0.56,654.96,0.58,0.59
2026-01-13 12:05:24,575,"Bitcoin Up or Down - January 12, 11:00PM-11:15PM ET",price_change,UP,0.57,720.69,0.58,0.59
2026-01-13 12:05:24,575,"Bitcoin Up or Down - January 12, 11:00PM-11:15PM ET",price_change,UP,0.58,1430.12,0.58,0.59
2026-01-13 12:05:24,575,"Bitcoin Up or Down - January 12, 11:00PM-11:15PM ET",price_change,UP,0.56,654.34,0.58,0.59
2026-01-13 12:05:25,574,"Bitcoin Up or Down - January 12, 11:00PM-11:15PM ET",price_change,UP,0.55,517.72,0.55,0.59
2026-01-13 12:05:25,574,"Bitcoin Up or Down - January 12, 11:00PM-11:15PM ET",price_change,DOWN,0.39,524.56,0.42,0.43
2026-01-13 12:05:25,573,"Bitcoin Up or Down - January 12, 11:00PM-11:15PM ET",price_change,UP,0.53,1268.92,0.57,0.58
2026-01-13 12:05:26,573,"Bitcoin Up or Down - January 12, 11:00PM-11:15PM ET",price_change,DOWN,0.35,1014.2,0.42,0.43
2026-01-13 12:05:26,573,"Bitcoin Up or Down - January 12, 11:00PM-11:15PM ET",price_change,DOWN,0.36,1149.52,0.42,0.43
2026-01-13 12:05:26,572,"Bitcoin Up or Down - January 12, 11:00PM-11:15PM ET",price_change,DOWN,0.4,951.92,0.42,0.43
2026-01-13 12:05:27,572,"Bitcoin Up or Down - January 12, 11:00PM-11:15PM ET",price_change,DOWN,0.42,492.9,0.42,0.43
2026-01-13 12:05:27,572,"Bitcoin Up or Down - January 12, 11:00PM-11:15PM ET",price_change,DOWN,0.41,951.99,0.42,0.43
2026-01-13 12:05:27,572,"Bitcoin Up or Down - January 12, 11:00PM-11:15PM ET",price_change,UP,0.53,1298.92,0.57,0.58
2026-01-13 12:05:27,571,"Bitcoin Up or Down - January 12, 11:00PM-11:15PM ET",price_change,UP,0.56,138.04,0.57,0.58
2026-01-13 12:05:28,571,"Bitcoin Up or Down - January 12, 11:00PM-11:15PM ET",price_change,DOWN,0.42,46.69,0.42,0.43
2026-01-13 12:05:28,571,"Bitcoin Up or Down - January 12, 11:00PM-11:15PM ET",price_change,UP,0.6,45,0.6,0.61
2026-01-13 12:05:28,571,"Bitcoin Up or Down - January 12, 11:00PM-11:15PM ET",price_change,DOWN,0.39,341.72,0.39,0.4
2026-01-13 12:05:29,570,"Bitcoin Up or Down - January 12, 11:00PM-11:15PM ET",price_change,DOWN,0.34,1009,0.39,0.4
2026-01-13 12:05:29,570,"Bitcoin Up or Down - January 12, 11:00PM-11:15PM ET",price_change,UP,0.6,164.91,0.6,0.61
2026-01-13 12:05:29,570,"Bitcoin Up or Down - January 12, 11:00PM-11:15PM ET",price_change,DOWN,0.38,536.5,0.39,0.4
2026-01-13 12:05:29,570,"Bitcoin Up or Down - January 12, 11:00PM-11:15PM ET",price_change,DOWN,0.02,5480.23,0.39,0.4
2026-01-13 12:05:30,569,"Bitcoin Up or Down - January 12, 11:00PM-11:15PM ET",price_change,DOWN,0.38,550,0.39,0.4
2026-01-13 12:05:30,569,"Bitcoin Up or Down - January 12, 11:00PM-11:15PM ET",price_change,DOWN,0.39,55.5,0.39,0.4
2026-01-13 12:05:30,569,"Bitcoin Up or Down - January 12, 11:00PM-11:15PM ET",price_change,UP,0.51,853.65,0.6,0.61
2026-01-13 12:05:30,569,"Bitcoin Up or Down - January 12, 11:00PM-11:15PM ET",price_change,UP,0.6,1575.44,0.6,0.61
2026-01-13 12:05:31,568,"Bitcoin Up or Down - January 12, 11:00PM-11:15PM ET",price_change,UP,0.6,1627.75,0.6,0.61
2026-01-13 12:05:31,568,"Bitcoin Up or Down - January 12, 11:00PM-11:15PM ET",price_change,DOWN,0.38,565.5,0.39,0.4
2026-01-13 12:05:31,568,"Bitcoin Up or Down - January 12, 11:00PM-11:15PM ET",price_change,UP,0.56,457.92,0.6,0.61
2026-01-13 12:05:31,568,"Bitcoin Up or Down - January 12, 11:00PM-11:15PM ET",price_change,UP,0.6,1542.07,0.61,0.62
2026-01-13 12:05:32,567,"Bitcoin Up or Down - January 12, 11:00PM-11:15PM ET",price_change,DOWN,0.36,500,0.38,0.39
2026-01-13 12:05:32,567,"Bitcoin Up or Down - January 12, 11:00PM-11:15PM ET",price_change,UP,0.61,1329.6,0.61,0.62
2026-01-13 12:05:32,567,"Bitcoin Up or Down - January 12, 11:00PM-11:15PM ET",price_change,UP,0.61,1487.33,0.61,0.62
2026-01-13 12:05:32,566,"Bitcoin Up or Down - January 12, 11:00PM-11:15PM ET",price_change,UP,0.53,751,0.61,0.62
2026-01-13 12:05:33,566,"Bitcoin Up or Down - January 12, 11:00PM-11:15PM ET",price_change,DOWN,0.37,913,0.38,0.39
2026-01-13 12:05:33,566,"Bitcoin Up or Down - January 12, 11:00PM-11:15PM ET",price_change,UP,0.61,1372.06,0.61,0.62
2026-01-13 12:05:33,566,"Bitcoin Up or Down - January 12, 11:00PM-11:15PM ET",price_change,DOWN,0.37,1033,0.38,0.39
2026-01-13 12:05:33,565,"Bitcoin Up or Down - January 12, 11:00PM-11:15PM ET",price_change,UP,0.6,1469.57,0.62,0.63
2026-01-13 12:05:34,565,"Bitcoin Up or Down - January 12, 11:00PM-11:15PM ET",price_change,DOWN,0.36,601,0.37,0.38
2026-01-13 12:05:34,565,"Bitcoin Up or Down - January 12, 11:00PM-11:15PM ET",price_change,DOWN,0.37,938.94,0.37,0.38
2026-01-13 12:05:35,564,"Bitcoin Up or Down - January 12, 11:00PM-11:15PM ET",price_change,DOWN,0.35,791.42,0.37,0.38
2026-01-13 12:05:35,564,"Bitcoin Up or Down - January 12, 11:00PM-11:15PM ET",price_change,DOWN,0.36,623,0.38,0.39
2026-01-13 12:05:35,564,"Bitcoin Up or Down - January 12, 11:00PM-11:15PM ET",price_change,DOWN,0.34,903,0.37,0.38
2026-01-13 12:05:35,564,"Bitcoin Up or Down - January 12, 11:00PM-11:15PM ET",price_change,UP,0.62,1159.45,0.62,0.63
2026-01-13 12:05:36,563,"Bitcoin Up or Down - January 12, 11:00PM-11:15PM ET",price_change,DOWN,0.35,778.42,0.37,0.38
2026-01-13 12:05:36,563,"Bitcoin Up or Down - January 12, 11:00PM-11:15PM ET",price_change,UP,0.62,1150.58,0.62,0.63
2026-01-13 12:05:36,563,"Bitcoin Up or Down - January 12, 11:00PM-11:15PM ET",price_change,UP,0.49,726.2,0.62,0.63
2026-01-13 12:05:37,562,"Bitcoin Up or Down - January 12, 11:00PM-11:15PM ET",price_change,DOWN,0.34,903,0.37,0.38
2026-01-13 12:05:37,562,"Bitcoin Up or Down - January 12, 11:00PM-11:15PM ET",price_change,UP,0.59,600.97,0.62,0.63
2026-01-13 12:05:38,561,"Bitcoin Up or Down - January 12, 11:00PM-11:15PM ET",price_change,UP,0.62,1251.35,0.62,0.63
2026-01-13 12:05:38,561,"Bitcoin Up or Down - January 12, 11:00PM-11:15PM ET",price_change,UP,0.62,1236.35,0.62,0.63
2026-01-13 12:05:38,561,"Bitcoin Up or Down - January 12, 11:00PM-11:15PM ET",price_change,DOWN,0.33,761.9,0.37,0.38
2026-01-13 12:05:38,560,"Bitcoin Up or Down - January 12, 11:00PM-11:15PM ET",price_change,UP,0.62,1220.35,0.62,0.63
2026-01-13 12:05:39,560,"Bitcoin Up or Down - January 12, 11:00PM-11:15PM ET",price_change,DOWN,0.37,722.97,0.37,0.38
2026-01-13 12:05:39,560,"Bitcoin Up or Down - January 12, 11:00PM-11:15PM ET",price_change,UP,0.53,742,0.62,0.63
2026-01-13 12:05:39,560,"Bitcoin Up or Down - January 12, 11:00PM-11:15PM ET",price_change,UP,0.62,1094.17,0.62,0.63
2026-01-13 12:05:39,559,"Bitcoin Up or Down - January 12, 11:00PM-11:15PM ET",price_change,UP,0.51,863.65,0.62,0.63
2026-01-13 12:05:40,559,"Bitcoin Up or Down - January 12, 11:00PM-11:15PM ET",price_change,UP,0.62,1060.17,0.62,0.63
2026-01-13 12:05:40,559,"Bitcoin Up or Down - January 12, 11:00PM-11:15PM ET",price_change,UP,0.56,351,0.62,0.63
2026-01-13 12:05:40,559,"Bitcoin Up or Down - January 12, 11:00PM-11:15PM ET",price_change,UP,0.53,742,0.62,0.63
2026-01-13 12:05:41,558,"Bitcoin Up or Down - January 12, 11:00PM-11:15PM ET",price_change,DOWN,0.33,771.9,0.37,0.38
2026-01-13 12:05:41,558,"Bitcoin Up or Down - January 12, 11:00PM-11:15PM ET",price_change,UP,0.59,225.97,0.62,0.63
2026-01-13 12:05:41,558,"Bitcoin Up or Down - January 12, 11:00PM-11:15PM ET",price_change,UP,0.62,1636.61,0.62,0.63
2026-01-13 12:05:41,557,"Bitcoin Up or Down - January 12, 11:00PM-11:15PM ET",price_change,DOWN,0.32,973.92,0.37,0.38
2026-01-13 12:05:42,557,"Bitcoin Up or Down - January 12, 11:00PM-11:15PM ET",price_change,DOWN,0.35,722.5,0.37,0.38
2026-01-13 12:05:42,557,"Bitcoin Up or Down - January 12, 11:00PM-11:15PM ET",price_change,DOWN,0.31,1160.02,0.37,0.38
2026-01-13 12:05:42,557,"Bitcoin Up or Down - January 12, 11:00PM-11:15PM ET",price_change,UP,0.62,1652.25,0.62,0.63
2026-01-13 12:05:42,556,"Bitcoin Up or Down - January 12, 11:00PM-11:15PM ET",price_change,UP,0.51,863.65,0.62,0.63
2026-01-13 12:05:43,556,"Bitcoin Up or Down - January 12, 11:00PM-11:15PM ET",price_change,UP,0.6,1542.41,0.62,0.63
2026-01-13 12:05:43,556,"Bitcoin Up or Down - January 12, 11:00PM-11:15PM ET",price_change,DOWN,0.37,611.5,0.37,0.38
2026-01-13 12:05:43,556,"Bitcoin Up or Down - January 12, 11:00PM-11:15PM ET",price_change,UP,0.6,1542.41,0.62,0.63
2026-01-13 12:05:44,555,"Bitcoin Up or Down - January 12, 11:00PM-11:15PM ET",price_change,UP,0.62,1815.57,0.62,0.63
2026-01-13 12:05:44,555,"Bitcoin Up or Down - January 12, 11:00PM-11:15PM ET",price_change,UP,0.43,751.3,0.62,0.63
2026-01-13 12:05:44,555,"Bitcoin Up or Down - January 12, 11:00PM-11:15PM ET",price_change,UP,0.62,2150.57,0.62,0.63
2026-01-13 12:05:44,554,"Bitcoin Up or Down - January 12, 11:00PM-11:15PM ET",price_change,UP,0.59,589.97,0.62,0.63
2026-01-13 12:05:45,554,"Bitcoin Up or Down - January 12, 11:00PM-11:15PM ET",price_change,UP,0.59,589.97,0.62,0.63
2026-01-13 12:05:45,554,"Bitcoin Up or Down - January 12, 11:00PM-11:15PM ET",price_change,DOWN,0.37,551.91,0.37,0.38
2026-01-13 12:05:45,554,"Bitcoin Up or Down - January 12, 11:00PM-11:15PM ET",price_change,UP,0.43,751.3,0.62,0.63
2026-01-13 12:05:46,553,"Bitcoin Up or Down - January 12, 11:00PM-11:15PM ET",price_change,DOWN,0.34,1050.92,0.37,0.38
2026-01-13 12:05:46,553,"Bitcoin Up or Down - January 12, 11:00PM-11:15PM ET",price_change,DOWN,0.37,861.67,0.37,0.38
2026-01-13 12:05:46,553,"Bitcoin Up or Down - January 12, 11:00PM-11:15PM ET",price_change,UP,0.57,1846.49,0.62,0.63
2026-01-13 12:05:47,552,"Bitcoin Up or Down - January 12, 11:00PM-11:15PM ET",price_change,UP,0.62,1694.24,0.62,0.63
2026-01-13 12:05:47,552,"Bitcoin Up or Down - January 12, 11:00PM-11:15PM ET",price_change,UP,0.6,1500.41,0.62,0.63
2026-01-13 12:05:47,552,"Bitcoin Up or Down - January 12, 11:00PM-11:15PM ET",price_change,DOWN,0.35,907.5,0.37,0.38
2026-01-13 12:05:47,552,"Bitcoin Up or Down - January 12, 11:00PM-11:15PM ET",price_change,UP,0.62,1600.74,0.62,0.63
2026-01-13 12:05:48,551,"Bitcoin Up or Down - January 12, 11:00PM-11:15PM ET",price_change,UP,0.62,1624.74,0.62,0.63
2026-01-13 12:05:48,551,"Bitcoin Up or Down - January 12, 11:00PM-11:15PM ET",price_change,DOWN,0.37,160.15,0.37,0.38
2026-01-13 12:05:48,551,"Bitcoin Up or Down - January 12, 11:00PM-11:15PM ET",price_change,DOWN,0.34,529.51,0.37,0.38
2026-01-13 12:05:49,550,"Bitcoin Up or Down - January 12, 11:00PM-11:15PM ET",price_change,DOWN,0.35,425.5,0.36,0.37
2026-01-13 12:05:49,550,"Bitcoin Up or Down - January 12, 11:00PM-11:15PM ET",price_change,DOWN,0.33,110,0.36,0.37
2026-01-13 12:05:49,550,"Bitcoin Up or Down - January 12, 11:00PM-11:15PM ET",price_change,UP,0.63,2372.99,0.63,0.64
2026-01-13 12:05:49,549,"Bitcoin Up or Down - January 12, 11:00PM-11:15PM ET",price_change,UP,0.63,1910.27,0.63,0.64
2026-01-13 12:05:50,549,"Bitcoin Up or Down - January 12, 11:00PM-11:15PM ET",price_change,DOWN,0.31,514.1,0.35,0.36
2026-01-13 12:05:50,549,"Bitcoin Up or Down - January 12, 11:00PM-11:15PM ET",price_change,DOWN,0.18,38.8,0.35,0.36
2026-01-13 12:05:50,549,"Bitcoin Up or Down - January 12, 11:00PM-11:15PM ET",price_change,UP,0.62,2207.72,0.64,0.65
2026-01-13 12:05:50,548,"Bitcoin Up or Down - January 12, 11:00PM-11:15PM ET",price_change,UP,0.64,735.82,0.64,0.65
2026-01-13 12:05:51,548,"Bitcoin Up or Down - January 12, 11:00PM-11:15PM ET",price_change,DOWN,0.34,759.5,0.35,0.36
2026-01-13 12:05:51,548,"Bitcoin Up or Down - January 12, 11:00PM-11:15PM ET",price_change,DOWN,0.28,1178.4,0.35,0.36
2026-01-13 12:05:51,548,"Bitcoin Up or Down - January 12, 11:00PM-11:15PM ET",price_change,DOWN,0.32,1049,0.34,0.35
2026-01-13 12:05:51,547,"Bitcoin Up or Down - January 12, 11:00PM-11:15PM ET",price_change,UP,0.65,249.54,0.65,0.66
2026-01-13 12:05:52,547,"Bitcoin Up or Down - January 12, 11:00PM-11:15PM ET",price_change,DOWN,0.31,456.1,0.34,0.35
2026-01-13 12:05:52,547,"Bitcoin Up or Down - January 12, 11:00PM-11:15PM ET",price_change,UP,0.65,1157.54,0.65,0.66
2026-01-13 12:05:53,546,"Bitcoin Up or Down - January 12, 11:00PM-11:15PM ET",price_change,DOWN,0.28,777.4,0.34,0.35
2026-01-13 12:05:53,546,"Bitcoin Up or Down - January 12, 11:00PM-11:15PM ET",price_change,UP,0.65,1106.21,0.66,0.67
2026-01-13 12:05:53,546,"Bitcoin Up or Down - January 12, 11:00PM-11:15PM ET",price_change,DOWN,0.31,486.1,0.33,0.34
2026-01-13 12:05:53,546,"Bitcoin Up or Down - January 12, 11:00PM-11:15PM ET",price_change,DOWN,0.31,486.1,0.33,0.34
2026-01-13 12:05:54,545,"Bitcoin Up or Down - January 12, 11:00PM-11:15PM ET",price_change,UP,0.66,329.65,0.66,0.67
2026-01-13 12:05:54,545,"Bitcoin Up or Down - January 12, 11:00PM-11:15PM ET",price_change,DOWN,0.28,898.4,0.33,0.34
2026-01-13 12:05:54,545,"Bitcoin Up or Down - January 12, 11:00PM-11:15PM ET",price_change,DOWN,0.32,1043,0.33,0.34
2026-01-13 12:05:54,544,"Bitcoin Up or Down - January 12, 11:00PM-11:15PM ET",price_change,DOWN,0.33,1568,0.33,0.34
2026-01-13 12:05:55,544,"Bitcoin Up or Down - January 12, 11:00PM-11:15PM ET",price_change,DOWN,0.32,1719,0.35,0.36
2026-01-13 12:05:56,543,"Bitcoin Up or Down - January 12, 11:00PM-11:15PM ET",price_change,DOWN,0.33,1947.35,0.35,0.36
2026-01-13 12:05:56,543,"Bitcoin Up or Down - January 12, 11:00PM-11:15PM ET",price_change,UP,0.52,720.2,0.64,0.65
2026-01-13 12:05:56,543,"Bitcoin Up or Down - January 12, 11:00PM-11:15PM ET",price_change,UP,0.64,97.52,0.64,0.65
2026-01-13 12:05:56,543,"Bitcoin Up or Down - January 12, 11:00PM-11:15PM ET",price_change,UP,0.64,74.71,0.64,0.65
2026-01-13 12:05:57,542,"Bitcoin Up or Down - January 12, 11:00PM-11:15PM ET",price_change,DOWN,0.32,1005.16,0.32,0.36
2026-01-13 12:05:57,542,"Bitcoin Up or Down - January 12, 11:00PM-11:15PM ET",price_change,DOWN,0.34,50.42,0.34,0.35
2026-01-13 12:05:58,541,"Bitcoin Up or Down - January 12, 11:00PM-11:15PM ET",price_change,DOWN,0.34,85.42,0.34,0.35
2026-01-13 12:05:58,541,"Bitcoin Up or Down - January 12, 11:00PM-11:15PM ET",price_change,UP,0.64,169.02,0.65,0.66
2026-01-13 12:05:58,541,"Bitcoin Up or Down - January 12, 11:00PM-11:15PM ET",price_change,DOWN,0.35,5,0.35,0.36
2026-01-13 12:05:58,540,"Bitcoin Up or Down - January 12, 11:00PM-11:15PM ET",price_change,UP,0.64,284.25,0.64,0.66
2026-01-13 12:05:59,540,"Bitcoin Up or Down - January 12, 11:00PM-11:15PM ET",price_change,DOWN,0.34,55,0.34,0.35
2026-01-13 12:05:59,540,"Bitcoin Up or Down - January 12, 11:00PM-11:15PM ET",price_change,UP,0.65,40.03,0.65,0.66
2026-01-13 12:05:59,540,"Bitcoin Up or Down - January 12, 11:00PM-11:15PM ET",price_change,DOWN,0.29,1560.22,0.34,0.35
2026-01-13 12:05:59,539,"Bitcoin Up or Down - January 12, 11:00PM-11:15PM ET",price_change,DOWN,0.26,1103.8,0.34,0.35
2026-01-13 12:06:00,539,"Bitcoin Up or Down - January 12, 11:00PM-11:15PM ET",price_change,DOWN,0.34,473.55,0.34,0.35
2026-01-13 12:06:00,539,"Bitcoin Up or Down - January 12, 11:00PM-11:15PM ET",price_change,UP,0.64,169.33,0.64,0.66
2026-01-13 12:06:01,538,"Bitcoin Up or Down - January 12, 11:00PM-11:15PM ET",price_change,UP,0.64,208.27,0.64,0.65
2026-01-13 12:06:01,538,"Bitcoin Up or Down - January 12, 11:00PM-11:15PM ET",price_change,DOWN,0.33,436,0.35,0.36
2026-01-13 12:06:01,538,"Bitcoin Up or Down - January 12, 11:00PM-11:15PM ET",price_change,UP,0.63,1854.91,0.64,0.65
2026-01-13 12:06:01,538,"Bitcoin Up or Down - January 12, 11:00PM-11:15PM ET",price_change,DOWN,0.34,489.25,0.34,0.35
2026-01-13 12:06:02,537,"Bitcoin Up or Down - January 12, 11:00PM-11:15PM ET",price_change,DOWN,0.34,205.13,0.34,0.35
2026-01-13 12:06:02,537,"Bitcoin Up or Down - January 12, 11:00PM-11:15PM ET",price_change,DOWN,0.33,493,0.34,0.35
2026-01-13 12:06:02,537,"Bitcoin Up or Down - January 12, 11:00PM-11:15PM ET",price_change,DOWN,0.33,547.99,0.34,0.35
2026-01-13 12:06:03,536,"Bitcoin Up or Down - January 12, 11:00PM-11:15PM ET",price_change,DOWN,0.22,431.68,0.35,0.36
2026-01-13 12:06:03,536,"Bitcoin Up or Down - January 12, 11:00PM-11:15PM ET",price_change,UP,0.58,1118.96,0.64,0.65
2026-01-13 12:06:03,536,"Bitcoin Up or Down - January 12, 11:00PM-11:15PM ET",price_change,UP,0.62,175.23,0.63,0.64
2026-01-13 12:06:04,535,"Bitcoin Up or Down - January 12, 11:00PM-11:15PM ET",price_change,DOWN,0.36,217.17,0.36,0.37
2026-01-13 12:06:04,535,"Bitcoin Up or Down - January 12, 11:00PM-11:15PM ET",price_change,UP,0.62,170.23,0.63,0.64
2026-01-13 12:06:04,535,"Bitcoin Up or Down - January 12, 11:00PM-11:15PM ET",price_change,DOWN,0.34,987.72,0.37,0.38
2026-01-13 12:06:05,533,"Bitcoin Up or Down - January 12, 11:00PM-11:15PM ET",price_change,UP,0.62,1356.01,0.62,0.63
2026-01-13 12:06:06,532,"Bitcoin Up or Down - January 12, 11:00PM-11:15PM ET",price_change,DOWN,0.32,826.16,0.37,0.38
2026-01-13 12:06:06,532,"Bitcoin Up or Down - January 12, 11:00PM-11:15PM ET",price_change,DOWN,0.36,557.04,0.37,0.38
2026-01-13 12:06:07,532,"Bitcoin Up or Down - January 12, 11:00PM-11:15PM ET",price_change,DOWN,0.34,944.64,0.37,0.38
2026-01-13 12:06:07,531,"Bitcoin Up or Down - January 12, 11:00PM-11:15PM ET",price_change,UP,0.6,507.84,0.62,0.63
2026-01-13 12:06:08,531,"Bitcoin Up or Down - January 12, 11:00PM-11:15PM ET",price_change,DOWN,0.36,795.96,0.37,0.38
2026-01-13 12:06:08,531,"Bitcoin Up or Down - January 12, 11:00PM-11:15PM ET",price_change,DOWN,0.35,2051.5,0.37,0.38
2026-01-13 12:06:08,531,"Bitcoin Up or Down - January 12, 11:00PM-11:15PM ET",price_change,DOWN,0.37,583.29,0.37,0.38
2026-01-13 12:06:09,530,"Bitcoin Up or Down - January 12, 11:00PM-11:15PM ET",price_change,UP,0.58,933.96,0.62,0.63
2026-01-13 12:06:09,530,"Bitcoin Up or Down - January 12, 11:00PM-11:15PM ET",price_change,UP,0.62,475.01,0.62,0.63
2026-01-13 12:06:09,530,"Bitcoin Up or Down - January 12, 11:00PM-11:15PM ET",price_change,DOWN,0.32,816.16,0.37,0.38
2026-01-13 12:06:10,529,"Bitcoin Up or Down - January 12, 11:00PM-11:15PM ET",price_change,DOWN,0.37,580.02,0.37,0.38
2026-01-13 12:06:10,529,"Bitcoin Up or Down - January 12, 11:00PM-11:15PM ET",price_change,UP,0.47,711.2,0.62,0.63
2026-01-13 12:06:10,529,"Bitcoin Up or Down - January 12, 11:00PM-11:15PM ET",price_change,UP,0.61,876,0.62,0.63
2026-01-13 12:06:10,528,"Bitcoin Up or Down - January 12, 11:00PM-11:15PM ET",price_change,DOWN,0.37,550.88,0.37,0.38
2026-01-13 12:06:11,528,"Bitcoin Up or Down - January 12, 11:00PM-11:15PM ET",price_change,UP,0.57,918.42,0.62,0.63
2026-01-13 12:06:11,528,"Bitcoin Up or Down - January 12, 11:00PM-11:15PM ET",price_change,UP,0.6,875.84,0.62,0.63
2026-01-13 12:06:11,528,"Bitcoin Up or Down - January 12, 11:00PM-11:15PM ET",price_change,UP,0.58,953.96,0.62,0.63
2026-01-13 12:06:12,527,"Bitcoin Up or Down - January 12, 11:00PM-11:15PM ET",price_change,DOWN,0.37,537.38,0.37,0.38
2026-01-13 12:06:12,527,"Bitcoin Up or Down - January 12, 11:00PM-11:15PM ET",price_change,DOWN,0.32,816.16,0.37,0.38
2026-01-13 12:06:12,527,"Bitcoin Up or Down - January 12, 11:00PM-11:15PM ET",price_change,UP,0.6,891.84,0.62,0.63
2026-01-13 12:06:12,526,"Bitcoin Up or Down - January 12, 11:00PM-11:15PM ET",price_change,UP,0.62,1666.96,0.62,0.63
2026-01-13 12:06:13,526,"Bitcoin Up or Down - January 12, 11:00PM-11:15PM ET",price_change,UP,0.49,858.65,0.62,0.63
2026-01-13 12:06:13,526,"Bitcoin Up or Down - January 12, 11:00PM-11:15PM ET",price_change,UP,0.6,521.84,0.62,0.63
2026-01-13 12:06:13,526,"Bitcoin Up or Down - January 12, 11:00PM-11:15PM ET",price_change,UP,0.6,380.92,0.62,0.63
2026-01-13 12:06:13,525,"Bitcoin Up or Down - January 12, 11:00PM-11:15PM ET",price_change,DOWN,0.35,2018.34,0.37,0.38
2026-01-13 12:06:14,525,"Bitcoin Up or Down - January 12, 11:00PM-11:15PM ET",price_change,DOWN,0.36,1133.69,0.42,0.43
2026-01-13 12:06:14,525,"Bitcoin Up or Down - January 12, 11:00PM-11:15PM ET",price_change,DOWN,0.42,624.97,0.42,0.43
2026-01-13 12:06:15,524,"Bitcoin Up or Down - January 12, 11:00PM-11:15PM ET",price_change,DOWN,0.39,557.42,0.41,0.42
2026-01-13 12:06:15,524,"Bitcoin Up or Down - January 12, 11:00PM-11:15PM ET",price_change,DOWN,0.37,2128,0.41,0.42
2026-01-13 12:06:15,524,"Bitcoin Up or Down - January 12, 11:00PM-11:15PM ET",price_change,DOWN,0.41,531.83,0.41,0.42
2026-01-13 12:06:15,523,"Bitcoin Up or Down - January 12, 11:00PM-11:15PM ET",price_change,DOWN,0.39,204.92,0.41,0.42
2026-01-13 12:06:16,523,"Bitcoin Up or Down - January 12, 11:00PM-11:15PM ET",price_change,DOWN,0.38,417.92,0.41,0.42
2026-01-13 12:06:16,523,"Bitcoin Up or Down - January 12, 11:00PM-11:15PM ET",price_change,DOWN,0.37,772,0.41,0.42
2026-01-13 12:06:16,523,"Bitcoin Up or Down - January 12, 11:00PM-11:15PM ET",price_change,DOWN,0.37,767,0.41,0.42
2026-01-13 12:06:17,522,"Bitcoin Up or Down - January 12, 11:00PM-11:15PM ET",price_change,UP,0.53,1262,0.58,0.59
2026-01-13 12:06:17,522,"Bitcoin Up or Down - January 12, 11:00PM-11:15PM ET",price_change,DOWN,0.4,127.5,0.41,0.42
2026-01-13 12:06:17,522,"Bitcoin Up or Down - January 12, 11:00PM-11:15PM ET",price_change,UP,0.55,789.92,0.58,0.59
2026-01-13 12:06:18,521,"Bitcoin Up or Down - January 12, 11:00PM-11:15PM ET",price_change,DOWN,0.4,261,0.41,0.42
2026-01-13 12:06:18,521,"Bitcoin Up or Down - January 12, 11:00PM-11:15PM ET",price_change,DOWN,0.37,747,0.41,0.42
2026-01-13 12:06:18,521,"Bitcoin Up or Down - January 12, 11:00PM-11:15PM ET",price_change,UP,0.58,696.23,0.58,0.59
2026-01-13 12:06:18,520,"Bitcoin Up or Down - January 12, 11:00PM-11:15PM ET",price_change,DOWN,0.41,139.4,0.41,0.42
2026-01-13 12:06:19,520,"Bitcoin Up or Down - January 12, 11:00PM-11:15PM ET",price_change,DOWN,0.15,70.19,0.41,0.42
2026-01-13 12:06:19,520,"Bitcoin Up or Down - January 12, 11:00PM-11:15PM ET",price_change,DOWN,0.33,631.99,0.41,0.42
2026-01-13 12:06:20,519,"Bitcoin Up or Down - January 12, 11:00PM-11:15PM ET",price_change,DOWN,0.4,542,0.41,0.42
2026-01-13 12:06:20,519,"Bitcoin Up or Down - January 12, 11:00PM-11:15PM ET",price_change,DOWN,0.4,608.42,0.41,0.42
2026-01-13 12:06:20,518,"Bitcoin Up or Down - January 12, 11:00PM-11:15PM ET",price_change,DOWN,0.36,1102.69,0.41,0.42
2026-01-13 12:06:21,518,"Bitcoin Up or Down - January 12, 11:00PM-11:15PM ET",price_change,DOWN,0.41,1833.06,0.42,0.43
2026-01-13 12:06:21,518,"Bitcoin Up or Down - January 12, 11:00PM-11:15PM ET",price_change,DOWN,0.37,1254.42,0.42,0.43
2026-01-13 12:06:21,518,"Bitcoin Up or Down - January 12, 11:00PM-11:15PM ET",price_change,UP,0.53,1069.92,0.57,0.58
2026-01-13 12:06:21,517,"Bitcoin Up or Down - January 12, 11:00PM-11:15PM ET",price_change,DOWN,0.42,156.06,0.42,0.43
2026-01-13 12:06:22,517,"Bitcoin Up or Down - January 12, 11:00PM-11:15PM ET",price_change,UP,0.53,1079.92,0.57,0.58
2026-01-13 12:06:22,517,"Bitcoin Up or Down - January 12, 11:00PM-11:15PM ET",price_change,UP,0.57,454.17,0.57,0.58
2026-01-13 12:06:22,517,"Bitcoin Up or Down - January 12, 11:00PM-11:15PM ET",price_change,DOWN,0.42,212.59,0.42,0.43
2026-01-13 12:06:23,516,"Bitcoin Up or Down - January 12, 11:00PM-11:15PM ET",price_change,DOWN,0.27,943.6,0.42,0.43
2026-01-13 12:06:23,516,"Bitcoin Up or Down - January 12, 11:00PM-11:15PM ET",price_change,DOWN,0.41,1187,0.42,0.43
2026-01-13 12:06:23,516,"Bitcoin Up or Down - January 12, 11:00PM-11:15PM ET",price_change,UP,0.57,248.29,0.57,0.58
2026-01-13 12:06:23,516,"Bitcoin Up or Down - January 12, 11:00PM-11:15PM ET",price_change,DOWN,0.42,185.77,0.42,0.43
2026-01-13 12:06:24,515,"Bitcoin Up or Down - January 12, 11:00PM-11:15PM ET",price_change,UP,0.46,876.29,0.57,0.58
2026-01-13 12:06:24,515,"Bitcoin Up or Down - January 12, 11:00PM-11:15PM ET",price_change,UP,0.46,871.29,0.57,0.58
2026-01-13 12:06:25,514,"Bitcoin Up or Down - January 12, 11:00PM-11:15PM ET",price_change,DOWN,0.42,127.8,0.42,0.43
2026-01-13 12:06:25,514,"Bitcoin Up or Down - January 12, 11:00PM-11:15PM ET",price_change,DOWN,0.41,1163.5,0.42,0.43
2026-01-13 12:06:25,514,"Bitcoin Up or Down - January 12, 11:00PM-11:15PM ET",price_change,DOWN,0.35,2551.33,0.42,0.43
2026-01-13 12:06:25,513,"Bitcoin Up or Down - January 12, 11:00PM-11:15PM ET",price_change,DOWN,0.34,480.5,0.42,0.43
2026-01-13 12:06:26,513,"Bitcoin Up or Down - January 12, 11:00PM-11:15PM ET",price_change,UP,0.56,989,0.59,0.6
2026-01-13 12:06:26,513,"Bitcoin Up or Down - January 12, 11:00PM-11:15PM ET",price_change,DOWN,0.38,4,0.38,0.39
2026-01-13 12:06:26,513,"Bitcoin Up or Down - January 12, 11:00PM-11:15PM ET",price_change,UP,0.63,151.55,0.63,0.64
2026-01-13 12:06:26,512,"Bitcoin Up or Down - January 12, 11:00PM-11:15PM ET",price_change,UP,0.63,107.43,0.63,0.64
2026-01-13 12:06:27,512,"Bitcoin Up or Down - January 12, 11:00PM-11:15PM ET",price_change,UP,0.59,668.92,0.63,0.64
2026-01-13 12:06:27,512,"Bitcoin Up or Down - January 12, 11:00PM-11:15PM ET",price_change,DOWN,0.35,312.91,0.36,0.37
2026-01-13 12:06:27,512,"Bitcoin Up or Down - January 12, 11:00PM-11:15PM ET",price_change,UP,0.52,1016.2,0.63,0.64
2026-01-13 12:06:27,511,"Bitcoin Up or Down - January 12, 11:00PM-11:15PM ET",price_change,UP,0.63,172.31,0.63,0.64
2026-01-13 12:06:28,511,"Bitcoin Up or Down - January 12, 11:00PM-11:15PM ET",price_change,UP,0.63,168,0.64,0.65
2026-01-13 12:06:28,511,"Bitcoin Up or Down - January 12, 11:00PM-11:15PM ET",price_change,DOWN,0.35,197.42,0.35,0.36
2026-01-13 12:06:28,511,"Bitcoin Up or Down - January 12, 11:00PM-11:15PM ET",price_change,DOWN,0.34,1040.65,0.35,0.36
2026-01-13 12:06:29,510,"Bitcoin Up or Down - January 12, 11:00PM-11:15PM ET",price_change,DOWN,0.32,158.24,0.35,0.36
2026-01-13 12:06:29,510,"Bitcoin Up or Down - January 12, 11:00PM-11:15PM ET",price_change,UP,0.62,1137.92,0.64,0.65
2026-01-13 12:06:29,510,"Bitcoin Up or Down - January 12, 11:00PM-11:15PM ET",price_change,UP,0.63,176.58,0.64,0.65
2026-01-13 12:06:29,510,"Bitcoin Up or Down - January 12, 11:00PM-11:15PM ET",price_change,UP,0.64,112.59,0.64,0.65
2026-01-13 12:06:30,509,"Bitcoin Up or Down - January 12, 11:00PM-11:15PM ET",price_change,UP,0.64,1390.51,0.64,0.65
2026-01-13 12:06:30,509,"Bitcoin Up or Down - January 12, 11:00PM-11:15PM ET",price_change,UP,0.59,789.11,0.65,0.66
2026-01-13 12:06:30,509,"Bitcoin Up or Down - January 12, 11:00PM-11:15PM ET",price_change,UP,0.65,1229.58,0.66,0.67
2026-01-13 12:06:31,508,"Bitcoin Up or Down - January 12, 11:00PM-11:15PM ET",price_change,UP,0.66,81.53,0.66,0.67
2026-01-13 12:06:31,508,"Bitcoin Up or Down - January 12, 11:00PM-11:15PM ET",price_change,DOWN,0.32,347.56,0.33,0.34
2026-01-13 12:06:31,508,"Bitcoin Up or Down - January 12, 11:00PM-11:15PM ET",price_change,UP,0.65,1459,0.66,0.67
2026-01-13 12:06:31,508,"Bitcoin Up or Down - January 12, 11:00PM-11:15PM ET",price_change,UP,0.65,1648.92,0.66,0.67
2026-01-13 12:06:32,507,"Bitcoin Up or Down - January 12, 11:00PM-11:15PM ET",price_change,UP,0.64,2047,0.66,0.67
2026-01-13 12:06:32,507,"Bitcoin Up or Down - January 12, 11:00PM-11:15PM ET",price_change,DOWN,0.29,1149.22,0.32,0.33
2026-01-13 12:06:32,507,"Bitcoin Up or Down - January 12, 11:00PM-11:15PM ET",price_change,UP,0.66,1219.15,0.67,0.68
2026-01-13 12:06:32,506,"Bitcoin Up or Down - January 12, 11:00PM-11:15PM ET",price_change,DOWN,0.32,342.71,0.32,0.33
2026-01-13 12:06:33,506,"Bitcoin Up or Down - January 12, 11:00PM-11:15PM ET",price_change,DOWN,0.31,616.5,0.32,0.33
2026-01-13 12:06:33,506,"Bitcoin Up or Down - January 12, 11:00PM-11:15PM ET",price_change,UP,0.52,961.2,0.67,0.68
2026-01-13 12:06:33,506,"Bitcoin Up or Down - January 12, 11:00PM-11:15PM ET",price_change,DOWN,0.28,127.16,0.28,0.29
2026-01-13 12:06:34,505,"Bitcoin Up or Down - January 12, 11:00PM-11:15PM ET",price_change,UP,0.71,159.5,0.72,0.73
2026-01-13 12:06:34,505,"Bitcoin Up or Down - January 12, 11:00PM-11:15PM ET",price_change,DOWN,0.27,1761.77,0.27,0.28
2026-01-13 12:06:34,505,"Bitcoin Up or Down - January 12, 11:00PM-11:15PM ET",price_change,UP,0.69,326.92,0.71,0.73
2026-01-13 12:06:34,504,"Bitcoin Up or Down - January 12, 11:00PM-11:15PM ET",price_change,DOWN,0.27,1691.12,0.28,0.29
2026-01-13 12:06:35,504,"Bitcoin Up or Down - January 12, 11:00PM-11:15PM ET",price_change,UP,0.68,1445.8,0.71,0.72
2026-01-13 12:06:35,504,"Bitcoin Up or Down - January 12, 11:00PM-11:15PM ET",price_change,DOWN,0.26,812.92,0.28,0.29
2026-01-13 12:06:35,504,"Bitcoin Up or Down - January 12, 11:00PM-11:15PM ET",price_change,DOWN,0.28,340.5,0.28,0.29
2026-01-13 12:06:36,503,"Bitcoin Up or Down - January 12, 11:00PM-11:15PM ET",price_change,UP,0.7,212.93,0.7,0.71
2026-01-13 12:06:36,503,"Bitcoin Up or Down - January 12, 11:00PM-11:15PM ET",price_change,DOWN,0.25,1061.92,0.29,0.3
2026-01-13 12:06:36,503,"Bitcoin Up or Down - January 12, 11:00PM-11:15PM ET",price_change,UP,0.7,54.8,0.7,0.71
2026-01-13 12:06:37,502,"Bitcoin Up or Down - January 12, 11:00PM-11:15PM ET",price_change,DOWN,0.29,111.87,0.29,0.3
2026-01-13 12:06:37,502,"Bitcoin Up or Down - January 12, 11:00PM-11:15PM ET",price_change,UP,0.64,1017,0.7,0.71
2026-01-13 12:06:37,502,"Bitcoin Up or Down - January 12, 11:00PM-11:15PM ET",price_change,DOWN,0.29,1095.49,0.29,0.3
2026-01-13 12:06:37,501,"Bitcoin Up or Down - January 12, 11:00PM-11:15PM ET",price_change,UP,0.66,13,0.66,0.69
2026-01-13 12:06:38,501,"Bitcoin Up or Down - January 12, 11:00PM-11:15PM ET",price_change,UP,0.59,165,0.62,0.64
2026-01-13 12:06:38,501,"Bitcoin Up or Down - January 12, 11:00PM-11:15PM ET",price_change,UP,0.61,58.08,0.61,0.63
2026-01-13 12:06:38,500,"Bitcoin Up or Down - January 12, 11:00PM-11:15PM ET",price_change,DOWN,0.37,506,0.41,0.42
2026-01-13 12:06:39,500,"Bitcoin Up or Down - January 12, 11:00PM-11:15PM ET",price_change,DOWN,0.28,605.4,0.38,0.39
2026-01-13 12:06:39,500,"Bitcoin Up or Down - January 12, 11:00PM-11:15PM ET",price_change,UP,0.59,483.69,0.6,0.61
2026-01-13 12:06:39,500,"Bitcoin Up or Down - January 12, 11:00PM-11:15PM ET",price_change,UP,0.58,1402.04,0.6,0.61
2026-01-13 12:06:39,499,"Bitcoin Up or Down - January 12, 11:00PM-11:15PM ET",price_change,UP,0.58,829.04,0.6,0.61
2026-01-13 12:06:40,499,"Bitcoin Up or Down - January 12, 11:00PM-11:15PM ET",price_change,UP,0.59,193.93,0.59,0.61
2026-01-13 12:06:40,499,"Bitcoin Up or Down - January 12, 11:00PM-11:15PM ET",price_change,DOWN,0.37,260.92,0.4,0.41
2026-01-13 12:06:40,499,"Bitcoin Up or Down - January 12, 11:00PM-11:15PM ET",price_change,DOWN,0.4,188.36,0.4,0.41
2026-01-13 12:06:40,498,"Bitcoin Up or Down - January 12, 11:00PM-11:15PM ET",price_change,DOWN,0.36,568.42,0.4,0.41
2026-01-13 12:06:41,498,"Bitcoin Up or Down - January 12, 11:00PM-11:15PM ET",price_change,DOWN,0.4,153.85,0.4,0.41
2026-01-13 12:06:41,498,"Bitcoin Up or Down - January 12, 11:00PM-11:15PM ET",price_change,UP,0.56,900,0.59,0.6
2026-01-13 12:06:42,497,"Bitcoin Up or Down - January 12, 11:00PM-11:15PM ET",price_change,UP,0.59,147.57,0.59,0.6
2026-01-13 12:06:42,497,"Bitcoin Up or Down - January 12, 11:00PM-11:15PM ET",price_change,DOWN,0.36,1053.42,0.4,0.41
2026-01-13 12:06:42,497,"Bitcoin Up or Down - January 12, 11:00PM-11:15PM ET",price_change,UP,0.54,1130.12,0.59,0.6
2026-01-13 12:06:43,496,"Bitcoin Up or Down - January 12, 11:00PM-11:15PM ET",price_change,DOWN,0.38,564.15,0.4,0.41
2026-01-13 12:06:43,496,"Bitcoin Up or Down - January 12, 11:00PM-11:15PM ET",price_change,UP,0.46,751.85,0.59,0.6
2026-01-13 12:06:43,496,"Bitcoin Up or Down - January 12, 11:00PM-11:15PM ET",price_change,UP,0.54,1140.12,0.59,0.6
2026-01-13 12:06:43,496,"Bitcoin Up or Down - January 12, 11:00PM-11:15PM ET",price_change,UP,0.54,1156.12,0.59,0.6
2026-01-13 12:06:44,495,"Bitcoin Up or Down - January 12, 11:00PM-11:15PM ET",price_change,DOWN,0.38,564.15,0.4,0.41
2026-01-13 12:06:44,495,"Bitcoin Up or Down - January 12, 11:00PM-11:15PM ET",price_change,UP,0.55,1104.92,0.59,0.6
2026-01-13 12:06:44,494,"Bitcoin Up or Down - January 12, 11:00PM-11:15PM ET",price_change,DOWN,0.4,199.07,0.4,0.41
2026-01-13 12:06:45,494,"Bitcoin Up or Down - January 12, 11:00PM-11:15PM ET",price_change,DOWN,0.4,1223.07,0.4,0.41
2026-01-13 12:06:45,494,"Bitcoin Up or Down - January 12, 11:00PM-11:15PM ET",price_change,DOWN,0.38,23.65,0.4,0.41
2026-01-13 12:06:45,494,"Bitcoin Up or Down - January 12, 11:00PM-11:15PM ET",price_change,DOWN,0.4,84,0.4,0.41
2026-01-13 12:06:45,493,"Bitcoin Up or Down - January 12, 11:00PM-11:15PM ET",price_change,UP,0.61,476.7,0.61,0.62
2026-01-13 12:06:46,493,"Bitcoin Up or Down - January 12, 11:00PM-11:15PM ET",price_change,UP,0.61,431.28,0.61,0.62
2026-01-13 12:06:46,493,"Bitcoin Up or Down - January 12, 11:00PM-11:15PM ET",price_change,DOWN,0.38,2070.6,0.38,0.39
2026-01-13 12:06:46,492,"Bitcoin Up or Down - January 12, 11:00PM-11:15PM ET",price_change,DOWN,0.38,2098.73,0.38,0.4
2026-01-13 12:06:47,492,"Bitcoin Up or Down - January 12, 11:00PM-11:15PM ET",price_change,DOWN,0.38,1909.2,0.39,0.4
2026-01-13 12:06:47,492,"Bitcoin Up or Down - January 12, 11:00PM-11:15PM ET",price_change,UP,0.6,96.81,0.6,0.61
2026-01-13 12:06:47,492,"Bitcoin Up or Down - January 12, 11:00PM-11:15PM ET",price_change,UP,0.58,320.66,0.6,0.61
2026-01-13 12:06:48,491,"Bitcoin Up or Down - January 12, 11:00PM-11:15PM ET",price_change,DOWN,0.39,859.73,0.39,0.4
2026-01-13 12:06:48,491,"Bitcoin Up or Down - January 12, 11:00PM-11:15PM ET",price_change,UP,0.57,740.92,0.6,0.61
2026-01-13 12:06:48,491,"Bitcoin Up or Down - January 12, 11:00PM-11:15PM ET",price_change,UP,0.6,1197.38,0.6,0.61
2026-01-13 12:06:48,491,"Bitcoin Up or Down - January 12, 11:00PM-11:15PM ET",price_change,DOWN,0.27,1801.3,0.39,0.4
2026-01-13 12:06:49,490,"Bitcoin Up or Down - January 12, 11:00PM-11:15PM ET",price_change,DOWN,0.39,663.27,0.39,0.4
2026-01-13 12:06:49,490,"Bitcoin Up or Down - January 12, 11:00PM-11:15PM ET",price_change,UP,0.6,1265.99,0.6,0.61
2026-01-13 12:06:49,490,"Bitcoin Up or Down - January 12, 11:00PM-11:15PM ET",price_change,UP,0.55,1129.92,0.6,0.61
2026-01-13 12:06:49,489,"Bitcoin Up or Down - January 12, 11:00PM-11:15PM ET",price_change,DOWN,0.37,1086.92,0.39,0.4
2026-01-13 12:06:50,489,"Bitcoin Up or Down - January 12, 11:00PM-11:15PM ET",price_change,UP,0.1,2729.4,0.6,0.61
2026-01-13 12:06:50,489,"Bitcoin Up or Down - January 12, 11:00PM-11:15PM ET",price_change,DOWN,0.35,1450.72,0.39,0.4
2026-01-13 12:06:50,489,"Bitcoin Up or Down - January 12, 11:00PM-11:15PM ET",price_change,DOWN,0.39,626.91,0.39,0.4
2026-01-13 12:06:51,488,"Bitcoin Up or Down - January 12, 11:00PM-11:15PM ET",price_change,UP,0.6,1246.16,0.6,0.61
2026-01-13 12:06:51,488,"Bitcoin Up or Down - January 12, 11:00PM-11:15PM ET",price_change,DOWN,0.39,607.41,0.39,0.4
2026-01-13 12:06:51,488,"Bitcoin Up or Down - January 12, 11:00PM-11:15PM ET",price_change,UP,0.6,564.43,0.6,0.61
2026-01-13 12:06:51,487,"Bitcoin Up or Down - January 12, 11:00PM-11:15PM ET",price_change,DOWN,0.35,1561.72,0.39,0.4
2026-01-13 12:06:52,487,"Bitcoin Up or Down - January 12, 11:00PM-11:15PM ET",price_change,DOWN,0.27,1806.3,0.39,0.4
2026-01-13 12:06:52,487,"Bitcoin Up or Down - January 12, 11:00PM-11:15PM ET",price_change,DOWN,0.39,1852.41,0.39,0.4
2026-01-13 12:06:52,486,"Bitcoin Up or Down - January 12, 11:00PM-11:15PM ET",price_change,DOWN,0.37,958.75,0.39,0.4
2026-01-13 12:06:53,486,"Bitcoin Up or Down - January 12, 11:00PM-11:15PM ET",price_change,UP,0.56,1070,0.6,0.61
2026-01-13 12:06:53,486,"Bitcoin Up or Down - January 12, 11:00PM-11:15PM ET",price_change,DOWN,0.15,430.19,0.39,0.4
2026-01-13 12:06:54,485,"Bitcoin Up or Down - January 12, 11:00PM-11:15PM ET",price_change,DOWN,0.37,964.08,0.39,0.4
2026-01-13 12:06:54,485,"Bitcoin Up or Down - January 12, 11:00PM-11:15PM ET",price_change,UP,0.44,707.3,0.6,0.61
2026-01-13 12:06:54,485,"Bitcoin Up or Down - January 12, 11:00PM-11:15PM ET",price_change,DOWN,0.39,1885.4,0.39,0.4
2026-01-13 12:06:55,484,"Bitcoin Up or Down - January 12, 11:00PM-11:15PM ET",price_change,DOWN,0.38,1970.7,0.39,0.4
2026-01-13 12:06:55,484,"Bitcoin Up or Down - January 12, 11:00PM-11:15PM ET",price_change,DOWN,0.29,742.3,0.39,0.4
2026-01-13 12:06:56,483,"Bitcoin Up or Down - January 12, 11:00PM-11:15PM ET",price_change,DOWN,0.39,1987.23,0.39,0.4
2026-01-13 12:06:56,483,"Bitcoin Up or Down - January 12, 11:00PM-11:15PM ET",price_change,DOWN,0.35,952.92,0.39,0.4
2026-01-13 12:06:56,483,"Bitcoin Up or Down - January 12, 11:00PM-11:15PM ET",price_change,DOWN,0.39,1995.23,0.39,0.4
2026-01-13 12:06:57,482,"Bitcoin Up or Down - January 12, 11:00PM-11:15PM ET",price_change,UP,0.59,78,0.59,0.6
2026-01-13 12:06:57,482,"Bitcoin Up or Down - January 12, 11:00PM-11:15PM ET",price_change,DOWN,0.34,1356.42,0.4,0.41
2026-01-13 12:06:57,481,"Bitcoin Up or Down - January 12, 11:00PM-11:15PM ET",price_change,DOWN,0.38,1947.54,0.4,0.41
2026-01-13 12:06:58,481,"Bitcoin Up or Down - January 12, 11:00PM-11:15PM ET",price_change,UP,0.55,673,0.59,0.6
2026-01-13 12:06:58,481,"Bitcoin Up or Down - January 12, 11:00PM-11:15PM ET",price_change,DOWN,0.41,402.05,0.41,0.43
2026-01-13 12:06:58,481,"Bitcoin Up or Down - January 12, 11:00PM-11:15PM ET",price_change,UP,0.57,74.06,0.57,0.58
2026-01-13 12:06:59,480,"Bitcoin Up or Down - January 12, 11:00PM-11:15PM ET",price_change,UP,0.54,829.89,0.54,0.58
2026-01-13 12:06:59,480,"Bitcoin Up or Down - January 12, 11:00PM-11:15PM ET",price_change,DOWN,0.39,2150.92,0.44,0.45
2026-01-13 12:06:59,480,"Bitcoin Up or Down - January 12, 11:00PM-11:15PM ET",price_change,UP,0.53,843.92,0.55,0.56
2026-01-13 12:07:00,479,"Bitcoin Up or Down - January 12, 11:00PM-11:15PM ET",price_change,DOWN,0.41,565,0.44,0.45
2026-01-13 12:07:00,479,"Bitcoin Up or Down - January 12, 11:00PM-11:15PM ET",price_change,DOWN,0.2,738.78,0.44,0.45
2026-01-13 12:07:00,479,"Bitcoin Up or Down - January 12, 11:00PM-11:15PM ET",price_change,UP,0.5,1176.9,0.55,0.56
2026-01-13 12:07:00,478,"Bitcoin Up or Down - January 12, 11:00PM-11:15PM ET",price_change,DOWN,0.45,207.37,0.45,0.46
2026-01-13 12:07:01,478,"Bitcoin Up or Down - January 12, 11:00PM-11:15PM ET",price_change,DOWN,0.44,210.5,0.45,0.46
2026-01-13 12:07:01,478,"Bitcoin Up or Down - January 12, 11:00PM-11:15PM ET",price_change,DOWN,0.44,226.5,0.45,0.46
2026-01-13 12:07:01,478,"Bitcoin Up or Down - January 12, 11:00PM-11:15PM ET",price_change,DOWN,0.45,187.87,0.45,0.46
2026-01-13 12:07:01,477,"Bitcoin Up or Down - January 12, 11:00PM-11:15PM ET",price_change,UP,0.49,1027,0.54,0.55
2026-01-13 12:07:02,477,"Bitcoin Up or Down - January 12, 11:00PM-11:15PM ET",price_change,DOWN,0.44,204.5,0.45,0.46
2026-01-13 12:07:02,477,"Bitcoin Up or Down - January 12, 11:00PM-11:15PM ET",price_change,DOWN,0.15,430.19,0.45,0.46
2026-01-13 12:07:02,477,"Bitcoin Up or Down - January 12, 11:00PM-11:15PM ET",price_change,DOWN,0.1,2614.4,0.45,0.46
2026-01-13 12:07:02,476,"Bitcoin Up or Down - January 12, 11:00PM-11:15PM ET",price_change,DOWN,0.45,2.5,0.45,0.46
2026-01-13 12:07:03,476,"Bitcoin Up or Down - January 12, 11:00PM-11:15PM ET",price_change,DOWN,0.35,1012,0.44,0.45
2026-01-13 12:07:03,476,"Bitcoin Up or Down - January 12, 11:00PM-11:15PM ET",price_change,DOWN,0.43,203.93,0.43,0.45
2026-01-13 12:07:03,476,"Bitcoin Up or Down - January 12, 11:00PM-11:15PM ET",price_change,DOWN,0.41,277,0.43,0.44
2026-01-13 12:07:03,475,"Bitcoin Up or Down - January 12, 11:00PM-11:15PM ET",price_change,UP,0.48,1006.94,0.56,0.57
2026-01-13 12:07:04,475,"Bitcoin Up or Down - January 12, 11:00PM-11:15PM ET",price_change,DOWN,0.42,295.42,0.43,0.44
2026-01-13 12:07:04,475,"Bitcoin Up or Down - January 12, 11:00PM-11:15PM ET",price_change,UP,0.56,303.38,0.56,0.57
2026-01-13 12:07:04,475,"Bitcoin Up or Down - January 12, 11:00PM-11:15PM ET",price_change,DOWN,0.43,116.83,0.43,0.44
2026-01-13 12:07:05,474,"Bitcoin Up or Down - January 12, 11:00PM-11:15PM ET",price_change,DOWN,0.43,462.87,0.43,0.44
2026-01-13 12:07:05,474,"Bitcoin Up or Down - January 12, 11:00PM-11:15PM ET",price_change,UP,0.56,1276,0.56,0.57
2026-01-13 12:07:05,474,"Bitcoin Up or Down - January 12, 11:00PM-11:15PM ET",price_change,DOWN,0.43,512.94,0.43,0.44
2026-01-13 12:07:05,474,"Bitcoin Up or Down - January 12, 11:00PM-11:15PM ET",price_change,DOWN,0.38,1850.46,0.43,0.44
2026-01-13 12:07:06,473,"Bitcoin Up or Down - January 12, 11:00PM-11:15PM ET",price_change,UP,0.55,734.92,0.56,0.57
2026-01-13 12:07:06,473,"Bitcoin Up or Down - January 12, 11:00PM-11:15PM ET",price_change,UP,0.52,1107.92,0.56,0.57
2026-01-13 12:07:06,472,"Bitcoin Up or Down - January 12, 11:00PM-11:15PM ET",price_change,UP,0.54,1107.35,0.57,0.58
2026-01-13 12:07:07,472,"Bitcoin Up or Down - January 12, 11:00PM-11:15PM ET",price_change,DOWN,0.42,597.81,0.42,0.43
2026-01-13 12:07:07,472,"Bitcoin Up or Down - January 12, 11:00PM-11:15PM ET",price_change,DOWN,0.32,1028,0.42,0.43
2026-01-13 12:07:07,472,"Bitcoin Up or Down - January 12, 11:00PM-11:15PM ET",price_change,UP,0.53,1158.6,0.57,0.58
2026-01-13 12:07:07,471,"Bitcoin Up or Down - January 12, 11:00PM-11:15PM ET",price_change,DOWN,0.42,2115.53,0.42,0.44
2026-01-13 12:07:08,471,"Bitcoin Up or Down - January 12, 11:00PM-11:15PM ET",price_change,UP,0.52,1067,0.56,0.57
2026-01-13 12:07:08,471,"Bitcoin Up or Down - January 12, 11:00PM-11:15PM ET",price_change,UP,0.56,6.24,0.56,0.57
2026-01-13 12:07:08,471,"Bitcoin Up or Down - January 12, 11:00PM-11:15PM ET",price_change,DOWN,0.43,166.5,0.44,0.45
2026-01-13 12:07:09,470,"Bitcoin Up or Down - January 12, 11:00PM-11:15PM ET",price_change,DOWN,0.4,1425.57,0.44,0.45
2026-01-13 12:07:09,470,"Bitcoin Up or Down - January 12, 11:00PM-11:15PM ET",price_change,DOWN,0.43,130.5,0.44,0.45
2026-01-13 12:07:09,470,"Bitcoin Up or Down - January 12, 11:00PM-11:15PM ET",price_change,DOWN,0.44,1258.26,0.44,0.45
2026-01-13 12:07:09,470,"Bitcoin Up or Down - January 12, 11:00PM-11:15PM ET",price_change,DOWN,0.41,1197,0.44,0.45
2026-01-13 12:07:10,469,"Bitcoin Up or Down - January 12, 11:00PM-11:15PM ET",price_change,DOWN,0.44,1298.76,0.44,0.45
2026-01-13 12:07:10,469,"Bitcoin Up or Down - January 12, 11:00PM-11:15PM ET",price_change,UP,0.55,219.98,0.55,0.56
2026-01-13 12:07:10,469,"Bitcoin Up or Down - January 12, 11:00PM-11:15PM ET",price_change,DOWN,0.44,1290.26,0.44,0.45
2026-01-13 12:07:10,469,"Bitcoin Up or Down - January 12, 11:00PM-11:15PM ET",price_change,UP,0.48,644.74,0.55,0.56
2026-01-13 12:07:11,468,"Bitcoin Up or Down - January 12, 11:00PM-11:15PM ET",price_change,UP,0.54,304.13,0.54,0.56
2026-01-13 12:07:11,468,"Bitcoin Up or Down - January 12, 11:00PM-11:15PM ET",price_change,UP,0.5,65.78,0.5,0.53
2026-01-13 12:07:12,467,"Bitcoin Up or Down - January 12, 11:00PM-11:15PM ET",price_change,UP,0.41,1030,0.49,0.5
2026-01-13 12:07:12,467,"Bitcoin Up or Down - January 12, 11:00PM-11:15PM ET",price_change,DOWN,0.5,1362.68,0.5,0.52
2026-01-13 12:07:13,466,"Bitcoin Up or Down - January 12, 11:00PM-11:15PM ET",price_change,UP,0.46,281.67,0.46,0.47
2026-01-13 12:07:13,466,"Bitcoin Up or Down - January 12, 11:00PM-11:15PM ET",price_change,DOWN,0.5,1550.58,0.54,0.55
2026-01-13 12:07:13,466,"Bitcoin Up or Down - January 12, 11:00PM-11:15PM ET",price_change,UP,0.45,85.2,0.45,0.46
2026-01-13 12:07:13,465,"Bitcoin Up or Down - January 12, 11:00PM-11:15PM ET",price_change,DOWN,0.49,401.2,0.54,0.55
2026-01-13 12:07:14,465,"Bitcoin Up or Down - January 12, 11:00PM-11:15PM ET",price_change,UP,0.43,579,0.45,0.46
2026-01-13 12:07:14,465,"Bitcoin Up or Down - January 12, 11:00PM-11:15PM ET",price_change,DOWN,0.51,1138,0.54,0.55
2026-01-13 12:07:14,464,"Bitcoin Up or Down - January 12, 11:00PM-11:15PM ET",price_change,DOWN,0.4,969.05,0.54,0.55
2026-01-13 12:07:15,464,"Bitcoin Up or Down - January 12, 11:00PM-11:15PM ET",price_change,DOWN,0.49,516.2,0.54,0.55
2026-01-13 12:07:15,464,"Bitcoin Up or Down - January 12, 11:00PM-11:15PM ET",price_change,DOWN,0.53,248.5,0.54,0.55
2026-01-13 12:07:15,464,"Bitcoin Up or Down - January 12, 11:00PM-11:15PM ET",price_change,DOWN,0.51,1681.12,0.54,0.55
2026-01-13 12:07:15,463,"Bitcoin Up or Down - January 12, 11:00PM-11:15PM ET",price_change,UP,0.43,254.33,0.43,0.46
2026-01-13 12:07:16,463,"Bitcoin Up or Down - January 12, 11:00PM-11:15PM ET",price_change,DOWN,0.56,159.92,0.56,0.57
2026-01-13 12:07:17,462,"Bitcoin Up or Down - January 12, 11:00PM-11:15PM ET",price_change,DOWN,0.58,120.53,0.58,0.59
2026-01-13 12:07:17,462,"Bitcoin Up or Down - January 12, 11:00PM-11:15PM ET",price_change,DOWN,0.47,701.2,0.58,0.59
2026-01-13 12:07:17,462,"Bitcoin Up or Down - January 12, 11:00PM-11:15PM ET",price_change,DOWN,0.58,149.71,0.58,0.59
2026-01-13 12:07:17,462,"Bitcoin Up or Down - January 12, 11:00PM-11:15PM ET",price_change,UP,0.41,52.5,0.41,0.42
2026-01-13 12:07:18,461,"Bitcoin Up or Down - January 12, 11:00PM-11:15PM ET",price_change,UP,0.41,2.5,0.41,0.42
2026-01-13 12:07:18,461,"Bitcoin Up or Down - January 12, 11:00PM-11:15PM ET",price_change,UP,0.4,377.31,0.4,0.41
2026-01-13 12:07:19,460,"Bitcoin Up or Down - January 12, 11:00PM-11:15PM ET",price_change,UP,0.4,435.52,0.4,0.42
2026-01-13 12:07:19,460,"Bitcoin Up or Down - January 12, 11:00PM-11:15PM ET",price_change,UP,0.41,59.94,0.41,0.42
2026-01-13 12:07:19,460,"Bitcoin Up or Down - January 12, 11:00PM-11:15PM ET",price_change,DOWN,0.57,559.66,0.58,0.6
2026-01-13 12:07:19,459,"Bitcoin Up or Down - January 12, 11:00PM-11:15PM ET",price_change,UP,0.39,613.42,0.41,0.42
2026-01-13 12:07:20,459,"Bitcoin Up or Down - January 12, 11:00PM-11:15PM ET",price_change,UP,0.42,149.06,0.42,0.43
2026-01-13 12:07:20,458,"Bitcoin Up or Down - January 12, 11:00PM-11:15PM ET",price_change,DOWN,0.57,122.48,0.57,0.58
2026-01-13 12:07:21,458,"Bitcoin Up or Down - January 12, 11:00PM-11:15PM ET",price_change,DOWN,0.57,11.17,0.57,0.58
2026-01-13 12:07:21,458,"Bitcoin Up or Down - January 12, 11:00PM-11:15PM ET",price_change,DOWN,0.56,239.8,0.56,0.58
2026-01-13 12:07:21,457,"Bitcoin Up or Down - January 12, 11:00PM-11:15PM ET",price_change,UP,0.38,570.07,0.43,0.44
2026-01-13 12:07:22,457,"Bitcoin Up or Down - January 12, 11:00PM-11:15PM ET",price_change,DOWN,0.39,960.5,0.56,0.57
2026-01-13 12:07:22,457,"Bitcoin Up or Down - January 12, 11:00PM-11:15PM ET",price_change,UP,0.41,594,0.43,0.44
2026-01-13 12:07:22,457,"Bitcoin Up or Down - January 12, 11:00PM-11:15PM ET",price_change,DOWN,0.55,1302.5,0.56,0.57
2026-01-13 12:07:22,456,"Bitcoin Up or Down - January 12, 11:00PM-11:15PM ET",price_change,UP,0.39,574.92,0.43,0.44
2026-01-13 12:07:23,456,"Bitcoin Up or Down - January 12, 11:00PM-11:15PM ET",price_change,UP,0.39,467,0.43,0.44
2026-01-13 12:07:23,456,"Bitcoin Up or Down - January 12, 11:00PM-11:15PM ET",price_change,DOWN,0.53,328.12,0.56,0.57
2026-01-13 12:07:23,456,"Bitcoin Up or Down - January 12, 11:00PM-11:15PM ET",price_change,DOWN,0.54,351,0.56,0.57
2026-01-13 12:07:24,455,"Bitcoin Up or Down - January 12, 11:00PM-11:15PM ET",price_change,DOWN,0.53,353.12,0.56,0.57
2026-01-13 12:07:24,455,"Bitcoin Up or Down - January 12, 11:00PM-11:15PM ET",price_change,UP,0.43,1531.38,0.43,0.44
2026-01-13 12:07:24,455,"Bitcoin Up or Down - January 12, 11:00PM-11:15PM ET",price_change,DOWN,0.53,322.12,0.56,0.57
2026-01-13 12:07:24,455,"Bitcoin Up or Down - January 12, 11:00PM-11:15PM ET",price_change,DOWN,0.54,679.69,0.56,0.57
2026-01-13 12:07:25,454,"Bitcoin Up or Down - January 12, 11:00PM-11:15PM ET",price_change,DOWN,0.54,782.42,0.56,0.57
2026-01-13 12:07:25,454,"Bitcoin Up or Down - January 12, 11:00PM-11:15PM ET",price_change,UP,0.4,752.31,0.43,0.44
2026-01-13 12:07:25,454,"Bitcoin Up or Down - January 12, 11:00PM-11:15PM ET",price_change,UP,0.42,756.11,0.43,0.44
2026-01-13 12:07:25,453,"Bitcoin Up or Down - January 12, 11:00PM-11:15PM ET",price_change,DOWN,0.48,1002.2,0.56,0.57
2026-01-13 12:07:26,453,"Bitcoin Up or Down - January 12, 11:00PM-11:15PM ET",price_change,DOWN,0.52,616.3,0.56,0.57
2026-01-13 12:07:26,453,"Bitcoin Up or Down - January 12, 11:00PM-11:15PM ET",price_change,DOWN,0.56,99.95,0.56,0.57
2026-01-13 12:07:26,453,"Bitcoin Up or Down - January 12, 11:00PM-11:15PM ET",price_change,UP,0.4,771.32,0.43,0.44
2026-01-13 12:07:26,452,"Bitcoin Up or Down - January 12, 11:00PM-11:15PM ET",price_change,UP,0.4,536.92,0.44,0.45
2026-01-13 12:07:27,452,"Bitcoin Up or Down - January 12, 11:00PM-11:15PM ET",price_change,DOWN,0.53,664.12,0.55,0.56
2026-01-13 12:07:27,452,"Bitcoin Up or Down - January 12, 11:00PM-11:15PM ET",price_change,UP,0.4,525.92,0.44,0.45
2026-01-13 12:07:27,452,"Bitcoin Up or Down - January 12, 11:00PM-11:15PM ET",price_change,UP,0.43,1556.07,0.43,0.45
2026-01-13 12:07:27,451,"Bitcoin Up or Down - January 12, 11:00PM-11:15PM ET",price_change,DOWN,0.37,947.6,0.55,0.56
2026-01-13 12:07:28,451,"Bitcoin Up or Down - January 12, 11:00PM-11:15PM ET",price_change,UP,0.41,1059.64,0.44,0.45
2026-01-13 12:07:28,451,"Bitcoin Up or Down - January 12, 11:00PM-11:15PM ET",price_change,UP,0.43,1572.07,0.44,0.45
2026-01-13 12:07:28,451,"Bitcoin Up or Down - January 12, 11:00PM-11:15PM ET",price_change,DOWN,0.51,963.12,0.55,0.56
2026-01-13 12:07:29,450,"Bitcoin Up or Down - January 12, 11:00PM-11:15PM ET",price_change,UP,0.44,96.5,0.44,0.45
2026-01-13 12:07:29,450,"Bitcoin Up or Down - January 12, 11:00PM-11:15PM ET",price_change,DOWN,0.5,1959.78,0.55,0.56
2026-01-13 12:07:29,450,"Bitcoin Up or Down - January 12, 11:00PM-11:15PM ET",price_change,DOWN,0.55,89.17,0.55,0.56
2026-01-13 12:07:29,449,"Bitcoin Up or Down - January 12, 11:00PM-11:15PM ET",price_change,DOWN,0.53,774.62,0.55,0.56
2026-01-13 12:07:30,449,"Bitcoin Up or Down - January 12, 11:00PM-11:15PM ET",price_change,UP,0.44,38.39,0.44,0.45
2026-01-13 12:07:30,449,"Bitcoin Up or Down - January 12, 11:00PM-11:15PM ET",price_change,DOWN,0.55,59.67,0.55,0.56
2026-01-13 12:07:30,449,"Bitcoin Up or Down - January 12, 11:00PM-11:15PM ET",price_change,UP,0.41,1452,0.44,0.45
2026-01-13 12:07:30,448,"Bitcoin Up or Down - January 12, 11:00PM-11:15PM ET",price_change,UP,0.44,15.92,0.44,0.45
2026-01-13 12:07:31,448,"Bitcoin Up or Down - January 12, 11:00PM-11:15PM ET",price_change,DOWN,0.53,701.12,0.55,0.56
2026-01-13 12:07:31,448,"Bitcoin Up or Down - January 12, 11:00PM-11:15PM ET",price_change,UP,0.44,390.92,0.44,0.45
2026-01-13 12:07:32,447,"Bitcoin Up or Down - January 12, 11:00PM-11:15PM ET",price_change,UP,0.42,1243.03,0.44,0.45
2026-01-13 12:07:32,447,"Bitcoin Up or Down - January 12, 11:00PM-11:15PM ET",price_change,UP,0.43,1851.57,0.44,0.45
2026-01-13 12:07:32,447,"Bitcoin Up or Down - January 12, 11:00PM-11:15PM ET",price_change,UP,0.41,1447,0.44,0.45
2026-01-13 12:07:33,446,"Bitcoin Up or Down - January 12, 11:00PM-11:15PM ET",price_change,DOWN,0.51,933.12,0.55,0.56
2026-01-13 12:07:33,446,"Bitcoin Up or Down - January 12, 11:00PM-11:15PM ET",price_change,DOWN,0.51,863.12,0.55,0.56
2026-01-13 12:07:33,446,"Bitcoin Up or Down - January 12, 11:00PM-11:15PM ET",price_change,DOWN,0.41,952.4,0.55,0.56
2026-01-13 12:07:34,445,"Bitcoin Up or Down - January 12, 11:00PM-11:15PM ET",price_change,UP,0.44,750.49,0.44,0.45
2026-01-13 12:07:34,445,"Bitcoin Up or Down - January 12, 11:00PM-11:15PM ET",price_change,DOWN,0.55,0,0.54,0.56
2026-01-13 12:07:34,445,"Bitcoin Up or Down - January 12, 11:00PM-11:15PM ET",price_change,DOWN,0.5,1294.78,0.54,0.56
2026-01-13 12:07:35,444,"Bitcoin Up or Down - January 12, 11:00PM-11:15PM ET",price_change,UP,0.44,2241.49,0.45,0.46
2026-01-13 12:07:35,444,"Bitcoin Up or Down - January 12, 11:00PM-11:15PM ET",price_change,DOWN,0.32,973,0.54,0.55
2026-01-13 12:07:35,443,"Bitcoin Up or Down - January 12, 11:00PM-11:15PM ET",price_change,DOWN,0.5,319.92,0.5,0.51
2026-01-13 12:07:36,443,"Bitcoin Up or Down - January 12, 11:00PM-11:15PM ET",price_change,UP,0.02,4841.63,0.51,0.52
2026-01-13 12:07:36,443,"Bitcoin Up or Down - January 12, 11:00PM-11:15PM ET",price_change,UP,0.44,2287.91,0.5,0.51
2026-01-13 12:07:37,442,"Bitcoin Up or Down - January 12, 11:00PM-11:15PM ET",price_change,UP,0.5,370.84,0.51,0.52
2026-01-13 12:07:37,442,"Bitcoin Up or Down - January 12, 11:00PM-11:15PM ET",price_change,UP,0.49,1542.39,0.51,0.52
2026-01-13 12:07:37,442,"Bitcoin Up or Down - January 12, 11:00PM-11:15PM ET",price_change,UP,0.43,1697.07,0.51,0.52
2026-01-13 12:07:38,441,"Bitcoin Up or Down - January 12, 11:00PM-11:15PM ET",price_change,UP,0.54,190.49,0.54,0.55
2026-01-13 12:07:38,441,"Bitcoin Up or Down - January 12, 11:00PM-11:15PM ET",price_change,UP,0.49,1662.39,0.54,0.55
2026-01-13 12:07:39,440,"Bitcoin Up or Down - January 12, 11:00PM-11:15PM ET",price_change,UP,0.5,723.92,0.54,0.55
2026-01-13 12:07:39,440,"Bitcoin Up or Down - January 12, 11:00PM-11:15PM ET",price_change,UP,0.43,1672.37,0.54,0.55
2026-01-13 12:07:40,439,"Bitcoin Up or Down - January 12, 11:00PM-11:15PM ET",price_change,UP,0.49,1652.39,0.54,0.55
2026-01-13 12:07:40,439,"Bitcoin Up or Down - January 12, 11:00PM-11:15PM ET",price_change,UP,0.52,680.5,0.54,0.55
2026-01-13 12:07:40,438,"Bitcoin Up or Down - January 12, 11:00PM-11:15PM ET",price_change,UP,0.52,702.25,0.52,0.54
2026-01-13 12:07:41,438,"Bitcoin Up or Down - January 12, 11:00PM-11:15PM ET",price_change,UP,0.52,735.25,0.52,0.54
2026-01-13 12:07:41,438,"Bitcoin Up or Down - January 12, 11:00PM-11:15PM ET",price_change,DOWN,0.47,3.11,0.47,0.48
2026-01-13 12:07:41,437,"Bitcoin Up or Down - January 12, 11:00PM-11:15PM ET",price_change,DOWN,0.46,209.88,0.46,0.47
2026-01-13 12:07:42,437,"Bitcoin Up or Down - January 12, 11:00PM-11:15PM ET",price_change,UP,0.49,2427.39,0.53,0.54
2026-01-13 12:07:42,437,"Bitcoin Up or Down - January 12, 11:00PM-11:15PM ET",price_change,DOWN,0.46,306.92,0.46,0.47
2026-01-13 12:07:42,437,"Bitcoin Up or Down - January 12, 11:00PM-11:15PM ET",price_change,UP,0.51,773.82,0.51,0.53
2026-01-13 12:07:42,436,"Bitcoin Up or Down - January 12, 11:00PM-11:15PM ET",price_change,UP,0.51,759.3,0.51,0.52
2026-01-13 12:07:43,436,"Bitcoin Up or Down - January 12, 11:00PM-11:15PM ET",price_change,DOWN,0.47,215.12,0.48,0.49
2026-01-13 12:07:43,436,"Bitcoin Up or Down - January 12, 11:00PM-11:15PM ET",price_change,UP,0.51,632.3,0.51,0.52
2026-01-13 12:07:44,435,"Bitcoin Up or Down - January 12, 11:00PM-11:15PM ET",price_change,UP,0.4,381,0.51,0.52
2026-01-13 12:07:44,435,"Bitcoin Up or Down - January 12, 11:00PM-11:15PM ET",price_change,DOWN,0.43,547.22,0.48,0.49
2026-01-13 12:07:45,434,"Bitcoin Up or Down - January 12, 11:00PM-11:15PM ET",price_change,UP,0.47,837.92,0.52,0.53
2026-01-13 12:07:45,434,"Bitcoin Up or Down - January 12, 11:00PM-11:15PM ET",price_change,DOWN,0.29,732.3,0.47,0.48
2026-01-13 12:07:45,434,"Bitcoin Up or Down - January 12, 11:00PM-11:15PM ET",price_change,UP,0.52,75.91,0.52,0.53
2026-01-13 12:07:45,433,"Bitcoin Up or Down - January 12, 11:00PM-11:15PM ET",price_change,UP,0.47,817.92,0.52,0.53
2026-01-13 12:07:46,433,"Bitcoin Up or Down - January 12, 11:00PM-11:15PM ET",price_change,UP,0.48,759.03,0.52,0.53
2026-01-13 12:07:46,433,"Bitcoin Up or Down - January 12, 11:00PM-11:15PM ET",price_change,UP,0.52,96.91,0.52,0.53
2026-01-13 12:07:46,433,"Bitcoin Up or Down - January 12, 11:00PM-11:15PM ET",price_change,DOWN,0.47,28.63,0.47,0.48
2026-01-13 12:07:46,432,"Bitcoin Up or Down - January 12, 11:00PM-11:15PM ET",price_change,DOWN,0.45,755.81,0.47,0.48
2026-01-13 12:07:47,432,"Bitcoin Up or Down - January 12, 11:00PM-11:15PM ET",price_change,UP,0.52,220.82,0.52,0.53
2026-01-13 12:07:47,432,"Bitcoin Up or Down - January 12, 11:00PM-11:15PM ET",price_change,UP,0.52,204.9,0.52,0.54
2026-01-13 12:07:47,432,"Bitcoin Up or Down - January 12, 11:00PM-11:15PM ET",price_change,DOWN,0.46,800.39,0.46,0.48
2026-01-13 12:07:48,431,"Bitcoin Up or Down - January 12, 11:00PM-11:15PM ET",price_change,UP,0.52,101.9,0.53,0.54
2026-01-13 12:07:48,431,"Bitcoin Up or Down - January 12, 11:00PM-11:15PM ET",price_change,UP,0.37,587,0.53,0.54
2026-01-13 12:07:48,430,"Bitcoin Up or Down - January 12, 11:00PM-11:15PM ET",price_change,UP,0.47,852.92,0.53,0.54
2026-01-13 12:07:49,430,"Bitcoin Up or Down - January 12, 11:00PM-11:15PM ET",price_change,UP,0.52,170.4,0.53,0.54
2026-01-13 12:07:49,430,"Bitcoin Up or Down - January 12, 11:00PM-11:15PM ET",price_change,DOWN,0.46,313.77,0.46,0.47
2026-01-13 12:07:49,430,"Bitcoin Up or Down - January 12, 11:00PM-11:15PM ET",price_change,UP,0.52,497.4,0.53,0.54
2026-01-13 12:07:50,429,"Bitcoin Up or Down - January 12, 11:00PM-11:15PM ET",price_change,DOWN,0.46,622.92,0.46,0.47
2026-01-13 12:07:50,429,"Bitcoin Up or Down - January 12, 11:00PM-11:15PM ET",price_change,UP,0.47,746,0.53,0.54
2026-01-13 12:07:50,429,"Bitcoin Up or Down - January 12, 11:00PM-11:15PM ET",price_change,UP,0.44,2145.99,0.53,0.54
2026-01-13 12:07:50,429,"Bitcoin Up or Down - January 12, 11:00PM-11:15PM ET",price_change,UP,0.53,417.58,0.53,0.54
2026-01-13 12:07:51,428,"Bitcoin Up or Down - January 12, 11:00PM-11:15PM ET",price_change,DOWN,0.46,204.39,0.46,0.47
2026-01-13 12:07:51,428,"Bitcoin Up or Down - January 12, 11:00PM-11:15PM ET",price_change,DOWN,0.45,1067.31,0.46,0.47
2026-01-13 12:07:51,428,"Bitcoin Up or Down - January 12, 11:00PM-11:15PM ET",price_change,UP,0.49,2534.31,0.53,0.54
2026-01-13 12:07:51,427,"Bitcoin Up or Down - January 12, 11:00PM-11:15PM ET",price_change,DOWN,0.46,117.49,0.46,0.47
2026-01-13 12:07:52,427,"Bitcoin Up or Down - January 12, 11:00PM-11:15PM ET",price_change,UP,0.36,702.54,0.53,0.54
2026-01-13 12:07:52,427,"Bitcoin Up or Down - January 12, 11:00PM-11:15PM ET",price_change,DOWN,0.43,841.22,0.46,0.47
2026-01-13 12:07:52,427,"Bitcoin Up or Down - January 12, 11:00PM-11:15PM ET",price_change,DOWN,0.43,886.22,0.46,0.47
2026-01-13 12:07:52,426,"Bitcoin Up or Down - January 12, 11:00PM-11:15PM ET",price_change,UP,0.53,422.1,0.53,0.54
2026-01-13 12:07:53,426,"Bitcoin Up or Down - January 12, 11:00PM-11:15PM ET",price_change,UP,0.47,852.92,0.53,0.54
2026-01-13 12:07:53,426,"Bitcoin Up or Down - January 12, 11:00PM-11:15PM ET",price_change,DOWN,0.44,686.22,0.46,0.47
2026-01-13 12:07:53,426,"Bitcoin Up or Down - January 12, 11:00PM-11:15PM ET",price_change,UP,0.49,2427.39,0.53,0.54
2026-01-13 12:07:53,425,"Bitcoin Up or Down - January 12, 11:00PM-11:15PM ET",price_change,UP,0.51,756.75,0.53,0.54
2026-01-13 12:07:54,425,"Bitcoin Up or Down - January 12, 11:00PM-11:15PM ET",price_change,UP,0.51,731.75,0.53,0.54
2026-01-13 12:07:54,425,"Bitcoin Up or Down - January 12, 11:00PM-11:15PM ET",price_change,UP,0.5,1098.77,0.53,0.54
2026-01-13 12:07:54,425,"Bitcoin Up or Down - January 12, 11:00PM-11:15PM ET",price_change,UP,0.48,867.92,0.53,0.54
2026-01-13 12:07:54,424,"Bitcoin Up or Down - January 12, 11:00PM-11:15PM ET",price_change,DOWN,0.43,868.22,0.46,0.47
2026-01-13 12:07:55,424,"Bitcoin Up or Down - January 12, 11:00PM-11:15PM ET",price_change,UP,0.47,862.92,0.53,0.54
2026-01-13 12:07:55,424,"Bitcoin Up or Down - January 12, 11:00PM-11:15PM ET",price_change,DOWN,0.42,811.5,0.46,0.47
2026-01-13 12:07:55,424,"Bitcoin Up or Down - January 12, 11:00PM-11:15PM ET",price_change,UP,0.53,479.03,0.53,0.54
2026-01-13 12:07:56,423,"Bitcoin Up or Down - January 12, 11:00PM-11:15PM ET",price_change,DOWN,0.45,1384.23,0.46,0.47
2026-01-13 12:07:56,423,"Bitcoin Up or Down - January 12, 11:00PM-11:15PM ET",price_change,DOWN,0.45,1364.23,0.46,0.47
2026-01-13 12:07:56,423,"Bitcoin Up or Down - January 12, 11:00PM-11:15PM ET",price_change,DOWN,0.45,1319.73,0.46,0.47
2026-01-13 12:07:56,423,"Bitcoin Up or Down - January 12, 11:00PM-11:15PM ET",price_change,UP,0.4,396,0.53,0.54
2026-01-13 12:07:57,422,"Bitcoin Up or Down - January 12, 11:00PM-11:15PM ET",price_change,UP,0.43,1835.27,0.53,0.54
2026-01-13 12:07:57,422,"Bitcoin Up or Down - January 12, 11:00PM-11:15PM ET",price_change,DOWN,0.4,1044.05,0.46,0.47
2026-01-13 12:07:57,422,"Bitcoin Up or Down - January 12, 11:00PM-11:15PM ET",price_change,UP,0.46,1842.92,0.53,0.54
2026-01-13 12:07:57,421,"Bitcoin Up or Down - January 12, 11:00PM-11:15PM ET",price_change,DOWN,0.44,931.3,0.46,0.47
2026-01-13 12:07:58,421,"Bitcoin Up or Down - January 12, 11:00PM-11:15PM ET",price_change,DOWN,0.45,125,0.46,0.47
2026-01-13 12:07:58,421,"Bitcoin Up or Down - January 12, 11:00PM-11:15PM ET",price_change,DOWN,0.44,422.42,0.46,0.47
2026-01-13 12:07:58,421,"Bitcoin Up or Down - January 12, 11:00PM-11:15PM ET",price_change,UP,0.5,1056.77,0.53,0.54
2026-01-13 12:07:58,420,"Bitcoin Up or Down - January 12, 11:00PM-11:15PM ET",price_change,UP,0.54,106,0.54,0.55
2026-01-13 12:07:59,420,"Bitcoin Up or Down - January 12, 11:00PM-11:15PM ET",price_change,UP,0.46,1846,0.54,0.55
2026-01-13 12:07:59,420,"Bitcoin Up or Down - January 12, 11:00PM-11:15PM ET",price_change,UP,0.48,965.92,0.54,0.55
2026-01-13 12:07:59,419,"Bitcoin Up or Down - January 12, 11:00PM-11:15PM ET",price_change,DOWN,0.45,330,0.45,0.46
2026-01-13 12:08:00,419,"Bitcoin Up or Down - January 12, 11:00PM-11:15PM ET",price_change,DOWN,0.41,1129.32,0.45,0.46
2026-01-13 12:08:00,419,"Bitcoin Up or Down - January 12, 11:00PM-11:15PM ET",price_change,UP,0.51,746.75,0.54,0.55
2026-01-13 12:08:00,419,"Bitcoin Up or Down - January 12, 11:00PM-11:15PM ET",price_change,DOWN,0.01,16021.25,0.45,0.46
2026-01-13 12:08:01,418,"Bitcoin Up or Down - January 12, 11:00PM-11:15PM ET",price_change,UP,0.51,771.75,0.54,0.55
2026-01-13 12:08:01,418,"Bitcoin Up or Down - January 12, 11:00PM-11:15PM ET",price_change,DOWN,0.45,355,0.45,0.46
2026-01-13 12:08:01,418,"Bitcoin Up or Down - January 12, 11:00PM-11:15PM ET",price_change,UP,0.54,471.24,0.54,0.55
2026-01-13 12:08:01,418,"Bitcoin Up or Down - January 12, 11:00PM-11:15PM ET",price_change,UP,0.49,2084.31,0.54,0.55
2026-01-13 12:08:02,417,"Bitcoin Up or Down - January 12, 11:00PM-11:15PM ET",price_change,UP,0.53,456.41,0.54,0.55
2026-01-13 12:08:02,417,"Bitcoin Up or Down - January 12, 11:00PM-11:15PM ET",price_change,UP,0.48,857.92,0.54,0.55
2026-01-13 12:08:02,417,"Bitcoin Up or Down - January 12, 11:00PM-11:15PM ET",price_change,DOWN,0.41,1164.32,0.45,0.46
2026-01-13 12:08:02,416,"Bitcoin Up or Down - January 12, 11:00PM-11:15PM ET",price_change,DOWN,0.45,337.06,0.45,0.46
2026-01-13 12:08:03,416,"Bitcoin Up or Down - January 12, 11:00PM-11:15PM ET",price_change,DOWN,0.41,1164.32,0.45,0.46
2026-01-13 12:08:03,416,"Bitcoin Up or Down - January 12, 11:00PM-11:15PM ET",price_change,UP,0.54,451.92,0.54,0.55
2026-01-13 12:08:03,415,"Bitcoin Up or Down - January 12, 11:00PM-11:15PM ET",price_change,DOWN,0.41,1164.32,0.45,0.46
2026-01-13 12:08:04,415,"Bitcoin Up or Down - January 12, 11:00PM-11:15PM ET",price_change,UP,0.34,992.12,0.54,0.55
2026-01-13 12:08:04,415,"Bitcoin Up or Down - January 12, 11:00PM-11:15PM ET",price_change,UP,0.54,426.92,0.54,0.55
2026-01-13 12:08:04,415,"Bitcoin Up or Down - January 12, 11:00PM-11:15PM ET",price_change,UP,0.48,895.22,0.54,0.55
2026-01-13 12:08:04,414,"Bitcoin Up or Down - January 12, 11:00PM-11:15PM ET",price_change,UP,0.48,875.22,0.54,0.55
2026-01-13 12:08:05,414,"Bitcoin Up or Down - January 12, 11:00PM-11:15PM ET",price_change,DOWN,0.42,851.5,0.45,0.46
2026-01-13 12:08:05,414,"Bitcoin Up or Down - January 12, 11:00PM-11:15PM ET",price_change,UP,0.01,15652.5,0.54,0.55
2026-01-13 12:08:05,414,"Bitcoin Up or Down - January 12, 11:00PM-11:15PM ET",price_change,DOWN,0.41,1129.32,0.45,0.46
2026-01-13 12:08:06,413,"Bitcoin Up or Down - January 12, 11:00PM-11:15PM ET",price_change,DOWN,0.44,310.42,0.45,0.46
2026-01-13 12:08:06,413,"Bitcoin Up or Down - January 12, 11:00PM-11:15PM ET",price_change,DOWN,0.44,320.42,0.45,0.46
2026-01-13 12:08:06,413,"Bitcoin Up or Down - January 12, 11:00PM-11:15PM ET",price_change,DOWN,0.45,344.58,0.45,0.46
2026-01-13 12:08:07,412,"Bitcoin Up or Down - January 12, 11:00PM-11:15PM ET",price_change,UP,0.34,992.12,0.54,0.55
2026-01-13 12:08:07,412,"Bitcoin Up or Down - January 12, 11:00PM-11:15PM ET",price_change,DOWN,0.42,786.5,0.45,0.46
2026-01-13 12:08:07,412,"Bitcoin Up or Down - January 12, 11:00PM-11:15PM ET",price_change,DOWN,0.41,1227.32,0.45,0.46
2026-01-13 12:08:08,411,"Bitcoin Up or Down - January 12, 11:00PM-11:15PM ET",price_change,UP,0.54,1615.75,0.54,0.55
2026-01-13 12:08:08,411,"Bitcoin Up or Down - January 12, 11:00PM-11:15PM ET",price_change,DOWN,0.43,545.8,0.45,0.46
2026-01-13 12:08:08,411,"Bitcoin Up or Down - January 12, 11:00PM-11:15PM ET",price_change,UP,0.34,982.12,0.54,0.55
2026-01-13 12:08:08,411,"Bitcoin Up or Down - January 12, 11:00PM-11:15PM ET",price_change,UP,0.35,967.7,0.54,0.55
2026-01-13 12:08:09,410,"Bitcoin Up or Down - January 12, 11:00PM-11:15PM ET",price_change,UP,0.46,1746,0.54,0.55
2026-01-13 12:08:09,410,"Bitcoin Up or Down - January 12, 11:00PM-11:15PM ET",price_change,DOWN,0.43,520.79,0.45,0.46
2026-01-13 12:08:09,410,"Bitcoin Up or Down - January 12, 11:00PM-11:15PM ET",price_change,UP,0.54,2133.79,0.54,0.55
2026-01-13 12:08:09,409,"Bitcoin Up or Down - January 12, 11:00PM-11:15PM ET",price_change,UP,0.56,434.41,0.56,0.57
2026-01-13 12:08:10,409,"Bitcoin Up or Down - January 12, 11:00PM-11:15PM ET",price_change,UP,0.55,1187,0.56,0.57
2026-01-13 12:08:10,409,"Bitcoin Up or Down - January 12, 11:00PM-11:15PM ET",price_change,UP,0.56,399.56,0.57,0.6
2026-01-13 12:08:10,409,"Bitcoin Up or Down - January 12, 11:00PM-11:15PM ET",price_change,UP,0.58,222.02,0.59,0.6
2026-01-13 12:08:10,408,"Bitcoin Up or Down - January 12, 11:00PM-11:15PM ET",price_change,UP,0.49,1907.39,0.6,0.61
2026-01-13 12:08:11,408,"Bitcoin Up or Down - January 12, 11:00PM-11:15PM ET",price_change,UP,0.6,716.03,0.61,0.62
2026-01-13 12:08:11,408,"Bitcoin Up or Down - January 12, 11:00PM-11:15PM ET",price_change,UP,0.61,334.42,0.62,0.64
2026-01-13 12:08:11,408,"Bitcoin Up or Down - January 12, 11:00PM-11:15PM ET",price_change,DOWN,0.36,128.15,0.36,0.38
2026-01-13 12:08:11,407,"Bitcoin Up or Down - January 12, 11:00PM-11:15PM ET",price_change,UP,0.6,1896.12,0.61,0.64
2026-01-13 12:08:12,407,"Bitcoin Up or Down - January 12, 11:00PM-11:15PM ET",price_change,UP,0.49,1912.39,0.63,0.64
2026-01-13 12:08:12,407,"Bitcoin Up or Down - January 12, 11:00PM-11:15PM ET",price_change,DOWN,0.33,134.7,0.34,0.35
2026-01-13 12:08:12,406,"Bitcoin Up or Down - January 12, 11:00PM-11:15PM ET",price_change,DOWN,0.22,954.6,0.34,0.35
2026-01-13 12:08:13,406,"Bitcoin Up or Down - January 12, 11:00PM-11:15PM ET",price_change,DOWN,0.33,96.65,0.33,0.34
2026-01-13 12:08:13,406,"Bitcoin Up or Down - January 12, 11:00PM-11:15PM ET",price_change,DOWN,0.27,1063.22,0.33,0.34
2026-01-13 12:08:13,406,"Bitcoin Up or Down - January 12, 11:00PM-11:15PM ET",price_change,UP,0.66,239.7,0.66,0.67
2026-01-13 12:08:13,405,"Bitcoin Up or Down - January 12, 11:00PM-11:15PM ET",price_change,DOWN,0.28,800.32,0.32,0.33
2026-01-13 12:08:14,405,"Bitcoin Up or Down - January 12, 11:00PM-11:15PM ET",price_change,DOWN,0.3,626.38,0.32,0.33
2026-01-13 12:08:14,405,"Bitcoin Up or Down - January 12, 11:00PM-11:15PM ET",price_change,UP,0.67,0,0.66,0.68
2026-01-13 12:08:14,404,"Bitcoin Up or Down - January 12, 11:00PM-11:15PM ET",price_change,UP,0.66,424.75,0.66,0.67
2026-01-13 12:08:15,404,"Bitcoin Up or Down - January 12, 11:00PM-11:15PM ET",price_change,UP,0.59,405.08,0.66,0.68
2026-01-13 12:08:15,404,"Bitcoin Up or Down - January 12, 11:00PM-11:15PM ET",price_change,UP,0.66,298.48,0.66,0.67
2026-01-13 12:08:15,403,"Bitcoin Up or Down - January 12, 11:00PM-11:15PM ET",price_change,UP,0.55,1897.5,0.66,0.67
2026-01-13 12:08:16,403,"Bitcoin Up or Down - January 12, 11:00PM-11:15PM ET",price_change,DOWN,0.32,221.5,0.32,0.33
2026-01-13 12:08:16,403,"Bitcoin Up or Down - January 12, 11:00PM-11:15PM ET",price_change,UP,0.67,939.62,0.67,0.68
2026-01-13 12:08:16,403,"Bitcoin Up or Down - January 12, 11:00PM-11:15PM ET",price_change,DOWN,0.31,577,0.32,0.33
2026-01-13 12:08:16,402,"Bitcoin Up or Down - January 12, 11:00PM-11:15PM ET",price_change,UP,0.66,168.89,0.67,0.68
2026-01-13 12:08:17,402,"Bitcoin Up or Down - January 12, 11:00PM-11:15PM ET",price_change,DOWN,0.31,582,0.32,0.33
2026-01-13 12:08:18,401,"Bitcoin Up or Down - January 12, 11:00PM-11:15PM ET",price_change,UP,0.66,220.39,0.67,0.68
2026-01-13 12:08:18,401,"Bitcoin Up or Down - January 12, 11:00PM-11:15PM ET",price_change,UP,0.67,1096.66,0.67,0.68
2026-01-13 12:08:19,400,"Bitcoin Up or Down - January 12, 11:00PM-11:15PM ET",price_change,DOWN,0.27,1028.22,0.32,0.33
2026-01-13 12:08:19,400,"Bitcoin Up or Down - January 12, 11:00PM-11:15PM ET",price_change,DOWN,0.27,1028.22,0.32,0.33
2026-01-13 12:08:19,399,"Bitcoin Up or Down - January 12, 11:00PM-11:15PM ET",price_change,DOWN,0.32,86.51,0.32,0.33
2026-01-13 12:08:20,399,"Bitcoin Up or Down - January 12, 11:00PM-11:15PM ET",price_change,DOWN,0.29,1113.43,0.32,0.33
2026-01-13 12:08:20,399,"Bitcoin Up or Down - January 12, 11:00PM-11:15PM ET",price_change,UP,0.67,1294,0.68,0.69
2026-01-13 12:08:20,398,"Bitcoin Up or Down - January 12, 11:00PM-11:15PM ET",price_change,DOWN,0.3,1799.48,0.31,0.32
2026-01-13 12:08:21,398,"Bitcoin Up or Down - January 12, 11:00PM-11:15PM ET",price_change,UP,0.54,1680.85,0.68,0.69
2026-01-13 12:08:22,397,"Bitcoin Up or Down - January 12, 11:00PM-11:15PM ET",price_change,DOWN,0.31,1125.83,0.31,0.32
2026-01-13 12:08:22,397,"Bitcoin Up or Down - January 12, 11:00PM-11:15PM ET",price_change,UP,0.68,101.03,0.68,0.69
2026-01-13 12:08:22,397,"Bitcoin Up or Down - January 12, 11:00PM-11:15PM ET",price_change,UP,0.64,521,0.68,0.69
2026-01-13 12:08:22,397,"Bitcoin Up or Down - January 12, 11:00PM-11:15PM ET",price_change,UP,0.67,156,0.68,0.69
2026-01-13 12:08:23,396,"Bitcoin Up or Down - January 12, 11:00PM-11:15PM ET",price_change,DOWN,0.31,1930.99,0.32,0.33
2026-01-13 12:08:23,396,"Bitcoin Up or Down - January 12, 11:00PM-11:15PM ET",price_change,DOWN,0.32,345.02,0.33,0.34
2026-01-13 12:08:23,395,"Bitcoin Up or Down - January 12, 11:00PM-11:15PM ET",price_change,DOWN,0.34,156.19,0.34,0.35
2026-01-13 12:08:24,395,"Bitcoin Up or Down - January 12, 11:00PM-11:15PM ET",price_change,DOWN,0.32,451,0.36,0.37
2026-01-13 12:08:24,395,"Bitcoin Up or Down - January 12, 11:00PM-11:15PM ET",price_change,DOWN,0.36,1449.98,0.36,0.37
2026-01-13 12:08:24,394,"Bitcoin Up or Down - January 12, 11:00PM-11:15PM ET",price_change,DOWN,0.32,571.92,0.36,0.37
2026-01-13 12:08:25,394,"Bitcoin Up or Down - January 12, 11:00PM-11:15PM ET",price_change,UP,0.61,115,0.63,0.64
2026-01-13 12:08:25,394,"Bitcoin Up or Down - January 12, 11:00PM-11:15PM ET",price_change,UP,0.56,1010.73,0.63,0.64
2026-01-13 12:08:25,394,"Bitcoin Up or Down - January 12, 11:00PM-11:15PM ET",price_change,DOWN,0.37,1029.81,0.38,0.39
2026-01-13 12:08:25,393,"Bitcoin Up or Down - January 12, 11:00PM-11:15PM ET",price_change,DOWN,0.39,214.1,0.39,0.4
2026-01-13 12:08:26,393,"Bitcoin Up or Down - January 12, 11:00PM-11:15PM ET",price_change,UP,0.58,227.93,0.6,0.61
2026-01-13 12:08:26,393,"Bitcoin Up or Down - January 12, 11:00PM-11:15PM ET",price_change,UP,0.57,582.65,0.6,0.61
2026-01-13 12:08:27,392,"Bitcoin Up or Down - January 12, 11:00PM-11:15PM ET",price_change,DOWN,0.38,685.81,0.39,0.4
2026-01-13 12:08:27,392,"Bitcoin Up or Down - January 12, 11:00PM-11:15PM ET",price_change,DOWN,0.39,213.78,0.39,0.4
2026-01-13 12:08:27,392,"Bitcoin Up or Down - January 12, 11:00PM-11:15PM ET",price_change,DOWN,0.35,645.4,0.39,0.4
2026-01-13 12:08:27,392,"Bitcoin Up or Down - January 12, 11:00PM-11:15PM ET",price_change,UP,0.55,1598.42,0.6,0.61
2026-01-13 12:08:28,391,"Bitcoin Up or Down - January 12, 11:00PM-11:15PM ET",price_change,UP,0.59,605.21,0.6,0.61
2026-01-13 12:08:28,391,"Bitcoin Up or Down - January 12, 11:00PM-11:15PM ET",price_change,UP,0.59,624.2,0.6,0.61
2026-01-13 12:08:28,391,"Bitcoin Up or Down - January 12, 11:00PM-11:15PM ET",price_change,DOWN,0.39,143.05,0.39,0.4
2026-01-13 12:08:29,390,"Bitcoin Up or Down - January 12, 11:00PM-11:15PM ET",price_change,DOWN,0.37,1760.31,0.39,0.4
2026-01-13 12:08:29,390,"Bitcoin Up or Down - January 12, 11:00PM-11:15PM ET",price_change,UP,0.6,1095.26,0.6,0.61
2026-01-13 12:08:29,389,"Bitcoin Up or Down - January 12, 11:00PM-11:15PM ET",price_change,UP,0.6,1092.51,0.6,0.61
2026-01-13 12:08:30,389,"Bitcoin Up or Down - January 12, 11:00PM-11:15PM ET",price_change,DOWN,0.35,1134.1,0.39,0.4
2026-01-13 12:08:30,389,"Bitcoin Up or Down - January 12, 11:00PM-11:15PM ET",price_change,UP,0.57,702.65,0.6,0.61
2026-01-13 12:08:30,389,"Bitcoin Up or Down - January 12, 11:00PM-11:15PM ET",price_change,DOWN,0.38,641.91,0.39,0.4
2026-01-13 12:08:30,388,"Bitcoin Up or Down - January 12, 11:00PM-11:15PM ET",price_change,DOWN,0.38,1025.81,0.39,0.4
2026-01-13 12:08:31,388,"Bitcoin Up or Down - January 12, 11:00PM-11:15PM ET",price_change,DOWN,0.39,616.98,0.39,0.4
2026-01-13 12:08:31,388,"Bitcoin Up or Down - January 12, 11:00PM-11:15PM ET",price_change,UP,0.59,604.57,0.6,0.61
2026-01-13 12:08:31,388,"Bitcoin Up or Down - January 12, 11:00PM-11:15PM ET",price_change,DOWN,0.18,398.8,0.39,0.4
2026-01-13 12:08:32,387,"Bitcoin Up or Down - January 12, 11:00PM-11:15PM ET",price_change,UP,0.45,1080.64,0.6,0.61
2026-01-13 12:08:32,387,"Bitcoin Up or Down - January 12, 11:00PM-11:15PM ET",price_change,UP,0.56,602.57,0.6,0.61
2026-01-13 12:08:32,387,"Bitcoin Up or Down - January 12, 11:00PM-11:15PM ET",price_change,DOWN,0.35,1067.1,0.39,0.4
2026-01-13 12:08:33,386,"Bitcoin Up or Down - January 12, 11:00PM-11:15PM ET",price_change,DOWN,0.39,566.56,0.39,0.4
2026-01-13 12:08:33,386,"Bitcoin Up or Down - January 12, 11:00PM-11:15PM ET",price_change,UP,0.55,1598.42,0.6,0.61
2026-01-13 12:08:33,386,"Bitcoin Up or Down - January 12, 11:00PM-11:15PM ET",price_change,DOWN,0.39,562.56,0.39,0.4
2026-01-13 12:08:33,386,"Bitcoin Up or Down - January 12, 11:00PM-11:15PM ET",price_change,DOWN,0.39,562.56,0.39,0.4
2026-01-13 12:08:34,385,"Bitcoin Up or Down - January 12, 11:00PM-11:15PM ET",price_change,DOWN,0.3,1161.56,0.39,0.4
2026-01-13 12:08:34,385,"Bitcoin Up or Down - January 12, 11:00PM-11:15PM ET",price_change,UP,0.59,662.07,0.6,0.61
2026-01-13 12:08:34,385,"Bitcoin Up or Down - January 12, 11:00PM-11:15PM ET",price_change,UP,0.54,1904.96,0.6,0.61
2026-01-13 12:08:34,384,"Bitcoin Up or Down - January 12, 11:00PM-11:15PM ET",price_change,UP,0.6,515,0.6,0.61
2026-01-13 12:08:35,384,"Bitcoin Up or Down - January 12, 11:00PM-11:15PM ET",price_change,DOWN,0.23,954.3,0.39,0.4
2026-01-13 12:08:35,384,"Bitcoin Up or Down - January 12, 11:00PM-11:15PM ET",price_change,DOWN,0.39,532.95,0.39,0.4
2026-01-13 12:08:35,384,"Bitcoin Up or Down - January 12, 11:00PM-11:15PM ET",price_change,UP,0.49,1009.32,0.6,0.61
2026-01-13 12:08:35,383,"Bitcoin Up or Down - January 12, 11:00PM-11:15PM ET",price_change,UP,0.42,954.3,0.6,0.61
2026-01-13 12:08:36,383,"Bitcoin Up or Down - January 12, 11:00PM-11:15PM ET",price_change,DOWN,0.3,1161.56,0.39,0.4
2026-01-13 12:08:36,383,"Bitcoin Up or Down - January 12, 11:00PM-11:15PM ET",price_change,DOWN,0.39,599.38,0.39,0.4
2026-01-13 12:08:36,383,"Bitcoin Up or Down - January 12, 11:00PM-11:15PM ET",price_change,UP,0.59,917.58,0.6,0.61
2026-01-13 12:08:37,382,"Bitcoin Up or Down - January 12, 11:00PM-11:15PM ET",price_change,DOWN,0.34,1108.92,0.39,0.4
2026-01-13 12:08:37,382,"Bitcoin Up or Down - January 12, 11:00PM-11:15PM ET",price_change,DOWN,0.3,1060.36,0.39,0.4
2026-01-13 12:08:37,382,"Bitcoin Up or Down - January 12, 11:00PM-11:15PM ET",price_change,DOWN,0.33,1178.52,0.39,0.4
2026-01-13 12:08:37,381,"Bitcoin Up or Down - January 12, 11:00PM-11:15PM ET",price_change,DOWN,0.39,603.38,0.39,0.4
2026-01-13 12:08:38,381,"Bitcoin Up or Down - January 12, 11:00PM-11:15PM ET",price_change,UP,0.46,836.64,0.6,0.61
2026-01-13 12:08:38,381,"Bitcoin Up or Down - January 12, 11:00PM-11:15PM ET",price_change,DOWN,0.39,720.38,0.39,0.4
2026-01-13 12:08:38,381,"Bitcoin Up or Down - January 12, 11:00PM-11:15PM ET",price_change,UP,0.59,964.58,0.6,0.61
2026-01-13 12:08:38,380,"Bitcoin Up or Down - January 12, 11:00PM-11:15PM ET",price_change,DOWN,0.38,580,0.39,0.4
2026-01-13 12:08:39,380,"Bitcoin Up or Down - January 12, 11:00PM-11:15PM ET",price_change,DOWN,0.31,1812.07,0.39,0.4
2026-01-13 12:08:39,380,"Bitcoin Up or Down - January 12, 11:00PM-11:15PM ET",price_change,UP,0.6,271.93,0.6,0.61
2026-01-13 12:08:39,380,"Bitcoin Up or Down - January 12, 11:00PM-11:15PM ET",price_change,DOWN,0.38,590,0.39,0.4
2026-01-13 12:08:40,379,"Bitcoin Up or Down - January 12, 11:00PM-11:15PM ET",price_change,DOWN,0.38,113,0.39,0.4
2026-01-13 12:08:40,379,"Bitcoin Up or Down - January 12, 11:00PM-11:15PM ET",price_change,DOWN,0.39,58.66,0.39,0.4
2026-01-13 12:08:40,379,"Bitcoin Up or Down - January 12, 11:00PM-11:15PM ET",price_change,UP,0.57,535.73,0.6,0.61
2026-01-13 12:08:40,379,"Bitcoin Up or Down - January 12, 11:00PM-11:15PM ET",price_change,DOWN,0.37,380.92,0.39,0.4
2026-01-13 12:08:41,378,"Bitcoin Up or Down - January 12, 11:00PM-11:15PM ET",price_change,DOWN,0.34,1118.92,0.39,0.4
2026-01-13 12:08:41,378,"Bitcoin Up or Down - January 12, 11:00PM-11:15PM ET",price_change,DOWN,0.37,728.91,0.39,0.4
2026-01-13 12:08:41,378,"Bitcoin Up or Down - January 12, 11:00PM-11:15PM ET",price_change,DOWN,0.3,1055.36,0.39,0.4
2026-01-13 12:08:41,377,"Bitcoin Up or Down - January 12, 11:00PM-11:15PM ET",price_change,UP,0.59,1325.32,0.6,0.61
2026-01-13 12:08:42,377,"Bitcoin Up or Down - January 12, 11:00PM-11:15PM ET",price_change,DOWN,0.39,220.51,0.39,0.4
2026-01-13 12:08:42,377,"Bitcoin Up or Down - January 12, 11:00PM-11:15PM ET",price_change,DOWN,0.29,1007,0.39,0.4
2026-01-13 12:08:42,377,"Bitcoin Up or Down - January 12, 11:00PM-11:15PM ET",price_change,DOWN,0.35,1114.8,0.39,0.4
2026-01-13 12:08:43,376,"Bitcoin Up or Down - January 12, 11:00PM-11:15PM ET",price_change,DOWN,0.38,586.5,0.39,0.4
2026-01-13 12:08:43,376,"Bitcoin Up or Down - January 12, 11:00PM-11:15PM ET",price_change,DOWN,0.38,666.5,0.39,0.4
2026-01-13 12:08:43,376,"Bitcoin Up or Down - January 12, 11:00PM-11:15PM ET",price_change,UP,0.59,1297.07,0.6,0.61
2026-01-13 12:08:43,376,"Bitcoin Up or Down - January 12, 11:00PM-11:15PM ET",price_change,UP,0.56,996.57,0.6,0.61
2026-01-13 12:08:44,375,"Bitcoin Up or Down - January 12, 11:00PM-11:15PM ET",price_change,UP,0.56,996.57,0.6,0.61
2026-01-13 12:08:44,375,"Bitcoin Up or Down - January 12, 11:00PM-11:15PM ET",price_change,DOWN,0.37,584.99,0.39,0.4
2026-01-13 12:08:44,375,"Bitcoin Up or Down - January 12, 11:00PM-11:15PM ET",price_change,DOWN,0.37,591.91,0.39,0.4
2026-01-13 12:08:44,374,"Bitcoin Up or Down - January 12, 11:00PM-11:15PM ET",price_change,DOWN,0.39,12,0.39,0.4
2026-01-13 12:08:45,374,"Bitcoin Up or Down - January 12, 11:00PM-11:15PM ET",price_change,UP,0.59,1297.91,0.61,0.62
2026-01-13 12:08:45,374,"Bitcoin Up or Down - January 12, 11:00PM-11:15PM ET",price_change,UP,0.55,1899.42,0.61,0.62
2026-01-13 12:08:45,374,"Bitcoin Up or Down - January 12, 11:00PM-11:15PM ET",price_change,UP,0.57,931.73,0.61,0.62
2026-01-13 12:08:46,373,"Bitcoin Up or Down - January 12, 11:00PM-11:15PM ET",price_change,DOWN,0.3,1055.36,0.38,0.39
2026-01-13 12:08:46,373,"Bitcoin Up or Down - January 12, 11:00PM-11:15PM ET",price_change,UP,0.56,856.57,0.61,0.62
2026-01-13 12:08:46,373,"Bitcoin Up or Down - January 12, 11:00PM-11:15PM ET",price_change,DOWN,0.34,1210.12,0.38,0.39
2026-01-13 12:08:47,372,"Bitcoin Up or Down - January 12, 11:00PM-11:15PM ET",price_change,DOWN,0.38,513.1,0.38,0.39
2026-01-13 12:08:47,372,"Bitcoin Up or Down - January 12, 11:00PM-11:15PM ET",price_change,UP,0.55,1889.42,0.61,0.62
2026-01-13 12:08:47,372,"Bitcoin Up or Down - January 12, 11:00PM-11:15PM ET",price_change,DOWN,0.36,855.36,0.38,0.39
2026-01-13 12:08:47,372,"Bitcoin Up or Down - January 12, 11:00PM-11:15PM ET",price_change,DOWN,0.34,1205.12,0.38,0.39
2026-01-13 12:08:48,371,"Bitcoin Up or Down - January 12, 11:00PM-11:15PM ET",price_change,DOWN,0.34,1205.12,0.38,0.39
2026-01-13 12:08:48,371,"Bitcoin Up or Down - January 12, 11:00PM-11:15PM ET",price_change,UP,0.57,921.73,0.61,0.62
2026-01-13 12:08:48,371,"Bitcoin Up or Down - January 12, 11:00PM-11:15PM ET",price_change,UP,0.58,863.44,0.61,0.62
2026-01-13 12:08:48,370,"Bitcoin Up or Down - January 12, 11:00PM-11:15PM ET",price_change,UP,0.61,107.65,0.61,0.62
2026-01-13 12:08:49,370,"Bitcoin Up or Down - January 12, 11:00PM-11:15PM ET",price_change,DOWN,0.37,712.42,0.38,0.39
2026-01-13 12:08:49,369,"Bitcoin Up or Down - January 12, 11:00PM-11:15PM ET",price_change,UP,0.57,931.73,0.61,0.62
2026-01-13 12:08:50,369,"Bitcoin Up or Down - January 12, 11:00PM-11:15PM ET",price_change,UP,0.61,77.57,0.61,0.62
2026-01-13 12:08:50,369,"Bitcoin Up or Down - January 12, 11:00PM-11:15PM ET",price_change,DOWN,0.3,1060.36,0.38,0.39
2026-01-13 12:08:50,369,"Bitcoin Up or Down - January 12, 11:00PM-11:15PM ET",price_change,DOWN,0.38,579.81,0.38,0.39
2026-01-13 12:08:51,368,"Bitcoin Up or Down - January 12, 11:00PM-11:15PM ET",price_change,UP,0.01,15632.86,0.61,0.62
2026-01-13 12:08:51,368,"Bitcoin Up or Down - January 12, 11:00PM-11:15PM ET",price_change,DOWN,0.37,1006.42,0.38,0.39
2026-01-13 12:08:51,367,"Bitcoin Up or Down - January 12, 11:00PM-11:15PM ET",price_change,UP,0.57,635.73,0.61,0.62
2026-01-13 12:08:52,367,"Bitcoin Up or Down - January 12, 11:00PM-11:15PM ET",price_change,DOWN,0.38,907.77,0.38,0.39
2026-01-13 12:08:52,367,"Bitcoin Up or Down - January 12, 11:00PM-11:15PM ET",price_change,DOWN,0.37,942.92,0.38,0.39
2026-01-13 12:08:52,367,"Bitcoin Up or Down - January 12, 11:00PM-11:15PM ET",price_change,DOWN,0.37,996.74,0.38,0.39
2026-01-13 12:08:53,366,"Bitcoin Up or Down - January 12, 11:00PM-11:15PM ET",price_change,DOWN,0.38,1164.18,0.38,0.39
2026-01-13 12:08:53,366,"Bitcoin Up or Down - January 12, 11:00PM-11:15PM ET",price_change,UP,0.57,620.73,0.6,0.61
2026-01-13 12:08:53,366,"Bitcoin Up or Down - January 12, 11:00PM-11:15PM ET",price_change,UP,0.55,587.92,0.59,0.61
2026-01-13 12:08:54,365,"Bitcoin Up or Down - January 12, 11:00PM-11:15PM ET",price_change,DOWN,0.23,964.3,0.4,0.41
2026-01-13 12:08:54,365,"Bitcoin Up or Down - January 12, 11:00PM-11:15PM ET",price_change,DOWN,0.4,156.91,0.4,0.41
2026-01-13 12:08:54,364,"Bitcoin Up or Down - January 12, 11:00PM-11:15PM ET",price_change,DOWN,0.38,1415.3,0.4,0.41
2026-01-13 12:08:55,364,"Bitcoin Up or Down - January 12, 11:00PM-11:15PM ET",price_change,UP,0.59,804.15,0.59,0.6
2026-01-13 12:08:55,364,"Bitcoin Up or Down - January 12, 11:00PM-11:15PM ET",price_change,UP,0.58,642.85,0.59,0.6
2026-01-13 12:08:55,364,"Bitcoin Up or Down - January 12, 11:00PM-11:15PM ET",price_change,DOWN,0.38,1279.58,0.4,0.41
2026-01-13 12:08:55,363,"Bitcoin Up or Down - January 12, 11:00PM-11:15PM ET",price_change,DOWN,0.3,1055.36,0.4,0.41
